"Program","Year","Period","Week Ending","Geo Level","State","State ANSI","Ag District","Ag District Code","County","County ANSI","Zip Code","Region","watershed_code","Watershed","Commodity","Data Item","Domain","Domain Category","Value","CV (%)"
"CENSUS","2017","YEAR","","COUNTY","TEXAS","48","BLACKLANDS","40","BELL","027","","","00000000","","COTTON","COTTON - ACRES HARVESTED","TOTAL","NOT SPECIFIED","6,261","17.0"
"CENSUS","2017","YEAR","","COUNTY","TEXAS","48","BLACKLANDS","40","BOSQUE","035","","","00000000","","COTTON","COTTON - ACRES HARVESTED","TOTAL","NOT SPECIFIED","6,243","17.0"
"CENSUS","2017","YEAR","","COUNTY","TEXAS","48","BLACKLANDS","40","COLLIN","085","","","00000000","","COTTON","COTTON - ACRES HARVESTED","TOTAL","NOT SPECIFIED","840","17.0"
"CENSUS","2017","YEAR","","COUNTY","TEXAS","48","BLACKLANDS","40","COOKE","097","","","00000000","","COTTON","COTTON - ACRES HARVESTED","TOTAL","NOT SPECIFIED"," (D)","(D)"
"CENSUS","2017","YEAR","","COUNTY","TEXAS","48","BLACKLANDS","40","CORYELL","099","","","00000000","","COTTON","COTTON - ACRES HARVESTED","TOTAL","NOT SPECIFIED"," (D)","(D)"
"CENSUS","2017","YEAR","","COUNTY","TEXAS","48","BLACKLANDS","40","DELTA","119","","","00000000","","COTTON","COTTON - ACRES HARVESTED","TOTAL","NOT SPECIFIED"," (D)","(D)"
"CENSUS","2017","YEAR","","COUNTY","TEXAS","48","BLACKLANDS","40","DENTON","121","","","00000000","","COTTON","COTTON - ACRES HARVESTED","TOTAL","NOT SPECIFIED","3,310","17.0"
"CENSUS","2017","YEAR","","COUNTY","TEXAS","48","BLACKLANDS","40","ELLIS","139","","","00000000","","COTTON","COTTON - ACRES HARVESTED","TOTAL","NOT SPECIFIED","24,348","17.0"
"CENSUS","2017","YEAR","","COUNTY","TEXAS","48","BLACKLANDS","40","FALLS","145","","","00000000","","COTTON","COTTON - ACRES HARVESTED","TOTAL","NOT SPECIFIED","4,676","17.0"
"CENSUS","2017","YEAR","","COUNTY","TEXAS","48","BLACKLANDS","40","FANNIN","147","","","00000000","","COTTON","COTTON - ACRES HARVESTED","TOTAL","NOT SPECIFIED","2,965","17.0"
"CENSUS","2017","YEAR","","COUNTY","TEXAS","48","BLACKLANDS","40","GRAYSON","181","","","00000000","","COTTON","COTTON - ACRES HARVESTED","TOTAL","NOT SPECIFIED"," (D)","(D)"
"CENSUS","2017","YEAR","","COUNTY","TEXAS","48","BLACKLANDS","40","HAMILTON","193","","","00000000","","COTTON","COTTON - ACRES HARVESTED","TOTAL","NOT SPECIFIED","742","17.0"
"CENSUS","2017","YEAR","","COUNTY","TEXAS","48","BLACKLANDS","40","HILL","217","","","00000000","","COTTON","COTTON - ACRES HARVESTED","TOTAL","NOT SPECIFIED","20,690","17.0"
"CENSUS","2017","YEAR","","COUNTY","TEXAS","48","BLACKLANDS","40","HUNT","231","","","00000000","","COTTON","COTTON - ACRES HARVESTED","TOTAL","NOT SPECIFIED","5,561","17.0"
"CENSUS","2017","YEAR","","COUNTY","TEXAS","48","BLACKLANDS","40","JOHNSON","251","","","00000000","","COTTON","COTTON - ACRES HARVESTED","TOTAL","NOT SPECIFIED","3,634","17.0"
"CENSUS","2017","YEAR","","COUNTY","TEXAS","48","BLACKLANDS","40","KAUFMAN","257","","","00000000","","COTTON","COTTON - ACRES HARVESTED","TOTAL","NOT SPECIFIED"," (D)","(D)"
"CENSUS","2017","YEAR","","COUNTY","TEXAS","48","BLACKLANDS","40","LAMAR","277","","","00000000","","COTTON","COTTON - ACRES HARVESTED","TOTAL","NOT SPECIFIED","5,607","17.0"
"CENSUS","2017","YEAR","","COUNTY","TEXAS","48","BLACKLANDS","40","LIMESTONE","293","","","00000000","","COTTON","COTTON - ACRES HARVESTED","TOTAL","NOT SPECIFIED","4,687","17.0"
"CENSUS","2017","YEAR","","COUNTY","TEXAS","48","BLACKLANDS","40","MCLENNAN","309","","","00000000","","COTTON","COTTON - ACRES HARVESTED","TOTAL","NOT SPECIFIED","11,308","17.0"
"CENSUS","2017","YEAR","","COUNTY","TEXAS","48","BLACKLANDS","40","MILAM","331","","","00000000","","COTTON","COTTON - ACRES HARVESTED","TOTAL","NOT SPECIFIED","13,473","17.0"
"CENSUS","2017","YEAR","","COUNTY","TEXAS","48","BLACKLANDS","40","NAVARRO","349","","","00000000","","COTTON","COTTON - ACRES HARVESTED","TOTAL","NOT SPECIFIED","26,852","17.0"
"CENSUS","2017","YEAR","","COUNTY","TEXAS","48","BLACKLANDS","40","ROCKWALL","397","","","00000000","","COTTON","COTTON - ACRES HARVESTED","TOTAL","NOT SPECIFIED"," (D)","(D)"
"CENSUS","2017","YEAR","","COUNTY","TEXAS","48","BLACKLANDS","40","WILLIAMSON","491","","","00000000","","COTTON","COTTON - ACRES HARVESTED","TOTAL","NOT SPECIFIED","27,204","17.0"
"CENSUS","2017","YEAR","","COUNTY","TEXAS","48","COASTAL BEND","82","KLEBERG","273","","","00000000","","COTTON","COTTON - ACRES HARVESTED","TOTAL","NOT SPECIFIED","28,928","17.0"
"CENSUS","2017","YEAR","","COUNTY","TEXAS","48","COASTAL BEND","82","NUECES","355","","","00000000","","COTTON","COTTON - ACRES HARVESTED","TOTAL","NOT SPECIFIED","128,293","17.0"
"CENSUS","2017","YEAR","","COUNTY","TEXAS","48","COASTAL BEND","82","REFUGIO","391","","","00000000","","COTTON","COTTON - ACRES HARVESTED","TOTAL","NOT SPECIFIED","22,920","17.0"
"CENSUS","2017","YEAR","","COUNTY","TEXAS","48","COASTAL BEND","82","SAN PATRICIO","409","","","00000000","","COTTON","COTTON - ACRES HARVESTED","TOTAL","NOT SPECIFIED","98,021","17.0"
"CENSUS","2017","YEAR","","COUNTY","TEXAS","48","CROSS TIMBERS","30","ARCHER","009","","","00000000","","COTTON","COTTON - ACRES HARVESTED","TOTAL","NOT SPECIFIED"," (D)","(D)"
"CENSUS","2017","YEAR","","COUNTY","TEXAS","48","CROSS TIMBERS","30","BROWN","049","","","00000000","","COTTON","COTTON - ACRES HARVESTED","TOTAL","NOT SPECIFIED","1,358","17.0"
"CENSUS","2017","YEAR","","COUNTY","TEXAS","48","CROSS TIMBERS","30","CALLAHAN","059","","","00000000","","COTTON","COTTON - ACRES HARVESTED","TOTAL","NOT SPECIFIED"," (D)","(D)"
"CENSUS","2017","YEAR","","COUNTY","TEXAS","48","CROSS TIMBERS","30","CLAY","077","","","00000000","","COTTON","COTTON - ACRES HARVESTED","TOTAL","NOT SPECIFIED","2,617","17.0"
"CENSUS","2017","YEAR","","COUNTY","TEXAS","48","CROSS TIMBERS","30","COMANCHE","093","","","00000000","","COTTON","COTTON - ACRES HARVESTED","TOTAL","NOT SPECIFIED","6,050","17.0"
"CENSUS","2017","YEAR","","COUNTY","TEXAS","48","CROSS TIMBERS","30","EASTLAND","133","","","00000000","","COTTON","COTTON - ACRES HARVESTED","TOTAL","NOT SPECIFIED"," (D)","(D)"
"CENSUS","2017","YEAR","","COUNTY","TEXAS","48","CROSS TIMBERS","30","ERATH","143","","","00000000","","COTTON","COTTON - ACRES HARVESTED","TOTAL","NOT SPECIFIED","195","17.0"
"CENSUS","2017","YEAR","","COUNTY","TEXAS","48","CROSS TIMBERS","30","PARKER","367","","","00000000","","COTTON","COTTON - ACRES HARVESTED","TOTAL","NOT SPECIFIED"," (D)","(D)"
"CENSUS","2017","YEAR","","COUNTY","TEXAS","48","CROSS TIMBERS","30","SHACKELFORD","417","","","00000000","","COTTON","COTTON - ACRES HARVESTED","TOTAL","NOT SPECIFIED"," (D)","(D)"
"CENSUS","2017","YEAR","","COUNTY","TEXAS","48","CROSS TIMBERS","30","THROCKMORTON","447","","","00000000","","COTTON","COTTON - ACRES HARVESTED","TOTAL","NOT SPECIFIED","2,681","17.0"
"CENSUS","2017","YEAR","","COUNTY","TEXAS","48","CROSS TIMBERS","30","WISE","497","","","00000000","","COTTON","COTTON - ACRES HARVESTED","TOTAL","NOT SPECIFIED"," (D)","(D)"
"CENSUS","2017","YEAR","","COUNTY","TEXAS","48","CROSS TIMBERS","30","YOUNG","503","","","00000000","","COTTON","COTTON - ACRES HARVESTED","TOTAL","NOT SPECIFIED","777","17.0"
"CENSUS","2017","YEAR","","COUNTY","TEXAS","48","EAST TEXAS NORTH","51","ANDERSON","001","","","00000000","","COTTON","COTTON - ACRES HARVESTED","TOTAL","NOT SPECIFIED"," (D)","(D)"
"CENSUS","2017","YEAR","","COUNTY","TEXAS","48","EAST TEXAS NORTH","51","BOWIE","037","","","00000000","","COTTON","COTTON - ACRES HARVESTED","TOTAL","NOT SPECIFIED"," (D)","(D)"
"CENSUS","2017","YEAR","","COUNTY","TEXAS","48","EAST TEXAS NORTH","51","FRANKLIN","159","","","00000000","","COTTON","COTTON - ACRES HARVESTED","TOTAL","NOT SPECIFIED"," (D)","(D)"
"CENSUS","2017","YEAR","","COUNTY","TEXAS","48","EAST TEXAS NORTH","51","HARRISON","203","","","00000000","","COTTON","COTTON - ACRES HARVESTED","TOTAL","NOT SPECIFIED"," (D)","(D)"
"CENSUS","2017","YEAR","","COUNTY","TEXAS","48","EAST TEXAS NORTH","51","HOPKINS","223","","","00000000","","COTTON","COTTON - ACRES HARVESTED","TOTAL","NOT SPECIFIED","715","17.0"
"CENSUS","2017","YEAR","","COUNTY","TEXAS","48","EAST TEXAS NORTH","51","HOUSTON","225","","","00000000","","COTTON","COTTON - ACRES HARVESTED","TOTAL","NOT SPECIFIED"," (D)","(D)"
"CENSUS","2017","YEAR","","COUNTY","TEXAS","48","EAST TEXAS SOUTH","52","BRAZOS","041","","","00000000","","COTTON","COTTON - ACRES HARVESTED","TOTAL","NOT SPECIFIED","11,527","17.0"
"CENSUS","2017","YEAR","","COUNTY","TEXAS","48","EAST TEXAS SOUTH","52","FREESTONE","161","","","00000000","","COTTON","COTTON - ACRES HARVESTED","TOTAL","NOT SPECIFIED"," (D)","(D)"
"CENSUS","2017","YEAR","","COUNTY","TEXAS","48","EAST TEXAS SOUTH","52","GRIMES","185","","","00000000","","COTTON","COTTON - ACRES HARVESTED","TOTAL","NOT SPECIFIED"," (D)","(D)"
"CENSUS","2017","YEAR","","COUNTY","TEXAS","48","EAST TEXAS SOUTH","52","MADISON","313","","","00000000","","COTTON","COTTON - ACRES HARVESTED","TOTAL","NOT SPECIFIED"," (D)","(D)"
"CENSUS","2017","YEAR","","COUNTY","TEXAS","48","EAST TEXAS SOUTH","52","ROBERTSON","395","","","00000000","","COTTON","COTTON - ACRES HARVESTED","TOTAL","NOT SPECIFIED","12,309","17.0"
"CENSUS","2017","YEAR","","COUNTY","TEXAS","48","EAST TEXAS SOUTH","52","SAN JACINTO","407","","","00000000","","COTTON","COTTON - ACRES HARVESTED","TOTAL","NOT SPECIFIED"," (D)","(D)"
"CENSUS","2017","YEAR","","COUNTY","TEXAS","48","EAST TEXAS SOUTH","52","WALKER","471","","","00000000","","COTTON","COTTON - ACRES HARVESTED","TOTAL","NOT SPECIFIED"," (D)","(D)"
"CENSUS","2017","YEAR","","COUNTY","TEXAS","48","EAST TEXAS SOUTH","52","WALLER","473","","","00000000","","COTTON","COTTON - ACRES HARVESTED","TOTAL","NOT SPECIFIED"," (D)","(D)"
"CENSUS","2017","YEAR","","COUNTY","TEXAS","48","EDWARDS PLATEAU","70","BLANCO","031","","","00000000","","COTTON","COTTON - ACRES HARVESTED","TOTAL","NOT SPECIFIED"," (D)","(D)"
"CENSUS","2017","YEAR","","COUNTY","TEXAS","48","EDWARDS PLATEAU","70","BURNET","053","","","00000000","","COTTON","COTTON - ACRES HARVESTED","TOTAL","NOT SPECIFIED"," (D)","(D)"
"CENSUS","2017","YEAR","","COUNTY","TEXAS","48","EDWARDS PLATEAU","70","COKE","081","","","00000000","","COTTON","COTTON - ACRES HARVESTED","TOTAL","NOT SPECIFIED","996","17.0"
"CENSUS","2017","YEAR","","COUNTY","TEXAS","48","EDWARDS PLATEAU","70","CONCHO","095","","","00000000","","COTTON","COTTON - ACRES HARVESTED","TOTAL","NOT SPECIFIED","23,660","17.0"
"CENSUS","2017","YEAR","","COUNTY","TEXAS","48","EDWARDS PLATEAU","70","IRION","235","","","00000000","","COTTON","COTTON - ACRES HARVESTED","TOTAL","NOT SPECIFIED"," (D)","(D)"
"CENSUS","2017","YEAR","","COUNTY","TEXAS","48","EDWARDS PLATEAU","70","KINNEY","271","","","00000000","","COTTON","COTTON - ACRES HARVESTED","TOTAL","NOT SPECIFIED"," (D)","(D)"
"CENSUS","2017","YEAR","","COUNTY","TEXAS","48","EDWARDS PLATEAU","70","LLANO","299","","","00000000","","COTTON","COTTON - ACRES HARVESTED","TOTAL","NOT SPECIFIED"," (D)","(D)"
"CENSUS","2017","YEAR","","COUNTY","TEXAS","48","EDWARDS PLATEAU","70","MCCULLOCH","307","","","00000000","","COTTON","COTTON - ACRES HARVESTED","TOTAL","NOT SPECIFIED","5,535","17.0"
"CENSUS","2017","YEAR","","COUNTY","TEXAS","48","EDWARDS PLATEAU","70","REAGAN","383","","","00000000","","COTTON","COTTON - ACRES HARVESTED","TOTAL","NOT SPECIFIED","28,866","17.0"
"CENSUS","2017","YEAR","","COUNTY","TEXAS","48","EDWARDS PLATEAU","70","SAN SABA","411","","","00000000","","COTTON","COTTON - ACRES HARVESTED","TOTAL","NOT SPECIFIED"," (D)","(D)"
"CENSUS","2017","YEAR","","COUNTY","TEXAS","48","EDWARDS PLATEAU","70","SCHLEICHER","413","","","00000000","","COTTON","COTTON - ACRES HARVESTED","TOTAL","NOT SPECIFIED","9,935","17.0"
"CENSUS","2017","YEAR","","COUNTY","TEXAS","48","EDWARDS PLATEAU","70","TOM GREEN","451","","","00000000","","COTTON","COTTON - ACRES HARVESTED","TOTAL","NOT SPECIFIED","54,377","17.0"
"CENSUS","2017","YEAR","","COUNTY","TEXAS","48","EDWARDS PLATEAU","70","UPTON","461","","","00000000","","COTTON","COTTON - ACRES HARVESTED","TOTAL","NOT SPECIFIED","34,569","17.0"
"CENSUS","2017","YEAR","","COUNTY","TEXAS","48","EDWARDS PLATEAU","70","UVALDE","463","","","00000000","","COTTON","COTTON - ACRES HARVESTED","TOTAL","NOT SPECIFIED","10,821","17.0"
"CENSUS","2017","YEAR","","COUNTY","TEXAS","48","LOWER VALLEY","97","CAMERON","061","","","00000000","","COTTON","COTTON - ACRES HARVESTED","TOTAL","NOT SPECIFIED","62,127","17.0"
"CENSUS","2017","YEAR","","COUNTY","TEXAS","48","LOWER VALLEY","97","HIDALGO","215","","","00000000","","COTTON","COTTON - ACRES HARVESTED","TOTAL","NOT SPECIFIED","61,267","17.0"
"CENSUS","2017","YEAR","","COUNTY","TEXAS","48","LOWER VALLEY","97","STARR","427","","","00000000","","COTTON","COTTON - ACRES HARVESTED","TOTAL","NOT SPECIFIED","5,400","17.0"
"CENSUS","2017","YEAR","","COUNTY","TEXAS","48","LOWER VALLEY","97","WILLACY","489","","","00000000","","COTTON","COTTON - ACRES HARVESTED","TOTAL","NOT SPECIFIED","69,082","17.0"
"CENSUS","2017","YEAR","","COUNTY","TEXAS","48","NORTHERN HIGH PLAINS","11","ARMSTRONG","011","","","00000000","","COTTON","COTTON - ACRES HARVESTED","TOTAL","NOT SPECIFIED","5,878","17.0"
"CENSUS","2017","YEAR","","COUNTY","TEXAS","48","NORTHERN HIGH PLAINS","11","BRISCOE","045","","","00000000","","COTTON","COTTON - ACRES HARVESTED","TOTAL","NOT SPECIFIED","35,180","17.0"
"CENSUS","2017","YEAR","","COUNTY","TEXAS","48","NORTHERN HIGH PLAINS","11","CARSON","065","","","00000000","","COTTON","COTTON - ACRES HARVESTED","TOTAL","NOT SPECIFIED","83,179","17.0"
"CENSUS","2017","YEAR","","COUNTY","TEXAS","48","NORTHERN HIGH PLAINS","11","CASTRO","069","","","00000000","","COTTON","COTTON - ACRES HARVESTED","TOTAL","NOT SPECIFIED","48,683","17.0"
"CENSUS","2017","YEAR","","COUNTY","TEXAS","48","NORTHERN HIGH PLAINS","11","DALLAM","111","","","00000000","","COTTON","COTTON - ACRES HARVESTED","TOTAL","NOT SPECIFIED","23,513","17.0"
"CENSUS","2017","YEAR","","COUNTY","TEXAS","48","NORTHERN HIGH PLAINS","11","DEAF SMITH","117","","","00000000","","COTTON","COTTON - ACRES HARVESTED","TOTAL","NOT SPECIFIED","40,008","17.0"
"CENSUS","2017","YEAR","","COUNTY","TEXAS","48","NORTHERN HIGH PLAINS","11","FLOYD","153","","","00000000","","COTTON","COTTON - ACRES HARVESTED","TOTAL","NOT SPECIFIED","193,793","17.0"
"CENSUS","2017","YEAR","","COUNTY","TEXAS","48","NORTHERN HIGH PLAINS","11","GRAY","179","","","00000000","","COTTON","COTTON - ACRES HARVESTED","TOTAL","NOT SPECIFIED","28,185","17.0"
"CENSUS","2017","YEAR","","COUNTY","TEXAS","48","NORTHERN HIGH PLAINS","11","HALE","189","","","00000000","","COTTON","COTTON - ACRES HARVESTED","TOTAL","NOT SPECIFIED","211,914","17.0"
"CENSUS","2017","YEAR","","COUNTY","TEXAS","48","NORTHERN HIGH PLAINS","11","HANSFORD","195","","","00000000","","COTTON","COTTON - ACRES HARVESTED","TOTAL","NOT SPECIFIED","62,209","17.0"
"CENSUS","2017","YEAR","","COUNTY","TEXAS","48","NORTHERN HIGH PLAINS","11","HARTLEY","205","","","00000000","","COTTON","COTTON - ACRES HARVESTED","TOTAL","NOT SPECIFIED","25,288","17.0"
"CENSUS","2017","YEAR","","COUNTY","TEXAS","48","NORTHERN HIGH PLAINS","11","HEMPHILL","211","","","00000000","","COTTON","COTTON - ACRES HARVESTED","TOTAL","NOT SPECIFIED"," (D)","(D)"
"CENSUS","2017","YEAR","","COUNTY","TEXAS","48","NORTHERN HIGH PLAINS","11","HUTCHINSON","233","","","00000000","","COTTON","COTTON - ACRES HARVESTED","TOTAL","NOT SPECIFIED","22,744","17.0"
"CENSUS","2017","YEAR","","COUNTY","TEXAS","48","NORTHERN HIGH PLAINS","11","LIPSCOMB","295","","","00000000","","COTTON","COTTON - ACRES HARVESTED","TOTAL","NOT SPECIFIED","2,615","17.0"
"CENSUS","2017","YEAR","","COUNTY","TEXAS","48","NORTHERN HIGH PLAINS","11","MOORE","341","","","00000000","","COTTON","COTTON - ACRES HARVESTED","TOTAL","NOT SPECIFIED","33,846","17.0"
"CENSUS","2017","YEAR","","COUNTY","TEXAS","48","NORTHERN HIGH PLAINS","11","OCHILTREE","357","","","00000000","","COTTON","COTTON - ACRES HARVESTED","TOTAL","NOT SPECIFIED","44,115","17.0"
"CENSUS","2017","YEAR","","COUNTY","TEXAS","48","NORTHERN HIGH PLAINS","11","OLDHAM","359","","","00000000","","COTTON","COTTON - ACRES HARVESTED","TOTAL","NOT SPECIFIED","1,161","17.0"
"CENSUS","2017","YEAR","","COUNTY","TEXAS","48","NORTHERN HIGH PLAINS","11","PARMER","369","","","00000000","","COTTON","COTTON - ACRES HARVESTED","TOTAL","NOT SPECIFIED","52,217","17.0"
"CENSUS","2017","YEAR","","COUNTY","TEXAS","48","NORTHERN HIGH PLAINS","11","POTTER","375","","","00000000","","COTTON","COTTON - ACRES HARVESTED","TOTAL","NOT SPECIFIED"," (D)","(D)"
"CENSUS","2017","YEAR","","COUNTY","TEXAS","48","NORTHERN HIGH PLAINS","11","RANDALL","381","","","00000000","","COTTON","COTTON - ACRES HARVESTED","TOTAL","NOT SPECIFIED","8,060","17.0"
"CENSUS","2017","YEAR","","COUNTY","TEXAS","48","NORTHERN HIGH PLAINS","11","ROBERTS","393","","","00000000","","COTTON","COTTON - ACRES HARVESTED","TOTAL","NOT SPECIFIED"," (D)","(D)"
"CENSUS","2017","YEAR","","COUNTY","TEXAS","48","NORTHERN HIGH PLAINS","11","SHERMAN","421","","","00000000","","COTTON","COTTON - ACRES HARVESTED","TOTAL","NOT SPECIFIED","40,929","17.0"
"CENSUS","2017","YEAR","","COUNTY","TEXAS","48","NORTHERN HIGH PLAINS","11","SWISHER","437","","","00000000","","COTTON","COTTON - ACRES HARVESTED","TOTAL","NOT SPECIFIED","100,398","17.0"
"CENSUS","2017","YEAR","","COUNTY","TEXAS","48","NORTHERN LOW PLAINS","21","BORDEN","033","","","00000000","","COTTON","COTTON - ACRES HARVESTED","TOTAL","NOT SPECIFIED","57,646","17.0"
"CENSUS","2017","YEAR","","COUNTY","TEXAS","48","NORTHERN LOW PLAINS","21","CHILDRESS","075","","","00000000","","COTTON","COTTON - ACRES HARVESTED","TOTAL","NOT SPECIFIED","36,586","17.0"
"CENSUS","2017","YEAR","","COUNTY","TEXAS","48","NORTHERN LOW PLAINS","21","COLLINGSWORTH","087","","","00000000","","COTTON","COTTON - ACRES HARVESTED","TOTAL","NOT SPECIFIED","58,681","17.0"
"CENSUS","2017","YEAR","","COUNTY","TEXAS","48","NORTHERN LOW PLAINS","21","COTTLE","101","","","00000000","","COTTON","COTTON - ACRES HARVESTED","TOTAL","NOT SPECIFIED","28,417","17.0"
"CENSUS","2017","YEAR","","COUNTY","TEXAS","48","NORTHERN LOW PLAINS","21","DICKENS","125","","","00000000","","COTTON","COTTON - ACRES HARVESTED","TOTAL","NOT SPECIFIED","35,951","17.0"
"CENSUS","2017","YEAR","","COUNTY","TEXAS","48","NORTHERN LOW PLAINS","21","DONLEY","129","","","00000000","","COTTON","COTTON - ACRES HARVESTED","TOTAL","NOT SPECIFIED","16,579","17.0"
"CENSUS","2017","YEAR","","COUNTY","TEXAS","48","NORTHERN LOW PLAINS","21","FOARD","155","","","00000000","","COTTON","COTTON - ACRES HARVESTED","TOTAL","NOT SPECIFIED"," (D)","(D)"
"CENSUS","2017","YEAR","","COUNTY","TEXAS","48","NORTHERN LOW PLAINS","21","GARZA","169","","","00000000","","COTTON","COTTON - ACRES HARVESTED","TOTAL","NOT SPECIFIED","41,001","17.0"
"CENSUS","2017","YEAR","","COUNTY","TEXAS","48","NORTHERN LOW PLAINS","21","HALL","191","","","00000000","","COTTON","COTTON - ACRES HARVESTED","TOTAL","NOT SPECIFIED","105,031","17.0"
"CENSUS","2017","YEAR","","COUNTY","TEXAS","48","NORTHERN LOW PLAINS","21","HARDEMAN","197","","","00000000","","COTTON","COTTON - ACRES HARVESTED","TOTAL","NOT SPECIFIED","3,633","17.0"
"CENSUS","2017","YEAR","","COUNTY","TEXAS","48","NORTHERN LOW PLAINS","21","KENT","263","","","00000000","","COTTON","COTTON - ACRES HARVESTED","TOTAL","NOT SPECIFIED","2,043","17.0"
"CENSUS","2017","YEAR","","COUNTY","TEXAS","48","NORTHERN LOW PLAINS","21","KING","269","","","00000000","","COTTON","COTTON - ACRES HARVESTED","TOTAL","NOT SPECIFIED"," (D)","(D)"
"CENSUS","2017","YEAR","","COUNTY","TEXAS","48","NORTHERN LOW PLAINS","21","MOTLEY","345","","","00000000","","COTTON","COTTON - ACRES HARVESTED","TOTAL","NOT SPECIFIED","6,243","17.0"
"CENSUS","2017","YEAR","","COUNTY","TEXAS","48","NORTHERN LOW PLAINS","21","WHEELER","483","","","00000000","","COTTON","COTTON - ACRES HARVESTED","TOTAL","NOT SPECIFIED","13,243","17.0"
"CENSUS","2017","YEAR","","COUNTY","TEXAS","48","NORTHERN LOW PLAINS","21","WICHITA","485","","","00000000","","COTTON","COTTON - ACRES HARVESTED","TOTAL","NOT SPECIFIED","20,282","17.0"
"CENSUS","2017","YEAR","","COUNTY","TEXAS","48","NORTHERN LOW PLAINS","21","WILBARGER","487","","","00000000","","COTTON","COTTON - ACRES HARVESTED","TOTAL","NOT SPECIFIED","50,100","17.0"
"CENSUS","2017","YEAR","","COUNTY","TEXAS","48","SOUTH CENTRAL","81","AUSTIN","015","","","00000000","","COTTON","COTTON - ACRES HARVESTED","TOTAL","NOT SPECIFIED","2,857","17.0"
"CENSUS","2017","YEAR","","COUNTY","TEXAS","48","SOUTH CENTRAL","81","BEE","025","","","00000000","","COTTON","COTTON - ACRES HARVESTED","TOTAL","NOT SPECIFIED","14,210","17.0"
"CENSUS","2017","YEAR","","COUNTY","TEXAS","48","SOUTH CENTRAL","81","BEXAR","029","","","00000000","","COTTON","COTTON - ACRES HARVESTED","TOTAL","NOT SPECIFIED","645","17.0"
"CENSUS","2017","YEAR","","COUNTY","TEXAS","48","SOUTH CENTRAL","81","BURLESON","051","","","00000000","","COTTON","COTTON - ACRES HARVESTED","TOTAL","NOT SPECIFIED","9,262","17.0"
"CENSUS","2017","YEAR","","COUNTY","TEXAS","48","SOUTH CENTRAL","81","CALDWELL","055","","","00000000","","COTTON","COTTON - ACRES HARVESTED","TOTAL","NOT SPECIFIED","7,788","17.0"
"CENSUS","2017","YEAR","","COUNTY","TEXAS","48","SOUTH CENTRAL","81","COLORADO","089","","","00000000","","COTTON","COTTON - ACRES HARVESTED","TOTAL","NOT SPECIFIED"," (D)","(D)"
"CENSUS","2017","YEAR","","COUNTY","TEXAS","48","SOUTH CENTRAL","81","FAYETTE","149","","","00000000","","COTTON","COTTON - ACRES HARVESTED","TOTAL","NOT SPECIFIED"," (D)","(D)"
"CENSUS","2017","YEAR","","COUNTY","TEXAS","48","SOUTH CENTRAL","81","GOLIAD","175","","","00000000","","COTTON","COTTON - ACRES HARVESTED","TOTAL","NOT SPECIFIED"," (D)","(D)"
"CENSUS","2017","YEAR","","COUNTY","TEXAS","48","SOUTH CENTRAL","81","GONZALES","177","","","00000000","","COTTON","COTTON - ACRES HARVESTED","TOTAL","NOT SPECIFIED"," (D)","(D)"
"CENSUS","2017","YEAR","","COUNTY","TEXAS","48","SOUTH CENTRAL","81","GUADALUPE","187","","","00000000","","COTTON","COTTON - ACRES HARVESTED","TOTAL","NOT SPECIFIED","1,626","17.0"
"CENSUS","2017","YEAR","","COUNTY","TEXAS","48","SOUTH CENTRAL","81","HAYS","209","","","00000000","","COTTON","COTTON - ACRES HARVESTED","TOTAL","NOT SPECIFIED","2,328","17.0"
"CENSUS","2017","YEAR","","COUNTY","TEXAS","48","SOUTH CENTRAL","81","KARNES","255","","","00000000","","COTTON","COTTON - ACRES HARVESTED","TOTAL","NOT SPECIFIED","4,195","17.0"
"CENSUS","2017","YEAR","","COUNTY","TEXAS","48","SOUTH CENTRAL","81","MEDINA","325","","","00000000","","COTTON","COTTON - ACRES HARVESTED","TOTAL","NOT SPECIFIED","15,537","17.0"
"CENSUS","2017","YEAR","","COUNTY","TEXAS","48","SOUTH CENTRAL","81","TRAVIS","453","","","00000000","","COTTON","COTTON - ACRES HARVESTED","TOTAL","NOT SPECIFIED","1,739","17.0"
"CENSUS","2017","YEAR","","COUNTY","TEXAS","48","SOUTH CENTRAL","81","WASHINGTON","477","","","00000000","","COTTON","COTTON - ACRES HARVESTED","TOTAL","NOT SPECIFIED"," (D)","(D)"
"CENSUS","2017","YEAR","","COUNTY","TEXAS","48","SOUTH CENTRAL","81","WILSON","493","","","00000000","","COTTON","COTTON - ACRES HARVESTED","TOTAL","NOT SPECIFIED","2,972","17.0"
"CENSUS","2017","YEAR","","COUNTY","TEXAS","48","SOUTH TEXAS","96","ATASCOSA","013","","","00000000","","COTTON","COTTON - ACRES HARVESTED","TOTAL","NOT SPECIFIED","1,883","17.0"
"CENSUS","2017","YEAR","","COUNTY","TEXAS","48","SOUTH TEXAS","96","DIMMIT","127","","","00000000","","COTTON","COTTON - ACRES HARVESTED","TOTAL","NOT SPECIFIED"," (D)","(D)"
"CENSUS","2017","YEAR","","COUNTY","TEXAS","48","SOUTH TEXAS","96","FRIO","163","","","00000000","","COTTON","COTTON - ACRES HARVESTED","TOTAL","NOT SPECIFIED","5,517","17.0"
"CENSUS","2017","YEAR","","COUNTY","TEXAS","48","SOUTH TEXAS","96","JIM WELLS","249","","","00000000","","COTTON","COTTON - ACRES HARVESTED","TOTAL","NOT SPECIFIED","26,247","17.0"
"CENSUS","2017","YEAR","","COUNTY","TEXAS","48","SOUTH TEXAS","96","LIVE OAK","297","","","00000000","","COTTON","COTTON - ACRES HARVESTED","TOTAL","NOT SPECIFIED","1,696","17.0"
"CENSUS","2017","YEAR","","COUNTY","TEXAS","48","SOUTH TEXAS","96","ZAPATA","505","","","00000000","","COTTON","COTTON - ACRES HARVESTED","TOTAL","NOT SPECIFIED"," (D)","(D)"
"CENSUS","2017","YEAR","","COUNTY","TEXAS","48","SOUTH TEXAS","96","ZAVALA","507","","","00000000","","COTTON","COTTON - ACRES HARVESTED","TOTAL","NOT SPECIFIED","7,694","17.0"
"CENSUS","2017","YEAR","","COUNTY","TEXAS","48","SOUTHERN HIGH PLAINS","12","ANDREWS","003","","","00000000","","COTTON","COTTON - ACRES HARVESTED","TOTAL","NOT SPECIFIED","11,314","17.0"
"CENSUS","2017","YEAR","","COUNTY","TEXAS","48","SOUTHERN HIGH PLAINS","12","BAILEY","017","","","00000000","","COTTON","COTTON - ACRES HARVESTED","TOTAL","NOT SPECIFIED","77,145","17.0"
"CENSUS","2017","YEAR","","COUNTY","TEXAS","48","SOUTHERN HIGH PLAINS","12","COCHRAN","079","","","00000000","","COTTON","COTTON - ACRES HARVESTED","TOTAL","NOT SPECIFIED","124,080","17.0"
"CENSUS","2017","YEAR","","COUNTY","TEXAS","48","SOUTHERN HIGH PLAINS","12","CROSBY","107","","","00000000","","COTTON","COTTON - ACRES HARVESTED","TOTAL","NOT SPECIFIED","177,589","17.0"
"CENSUS","2017","YEAR","","COUNTY","TEXAS","48","SOUTHERN HIGH PLAINS","12","DAWSON","115","","","00000000","","COTTON","COTTON - ACRES HARVESTED","TOTAL","NOT SPECIFIED","259,949","17.0"
"CENSUS","2017","YEAR","","COUNTY","TEXAS","48","SOUTHERN HIGH PLAINS","12","GAINES","165","","","00000000","","COTTON","COTTON - ACRES HARVESTED","TOTAL","NOT SPECIFIED","241,339","17.0"
"CENSUS","2017","YEAR","","COUNTY","TEXAS","48","SOUTHERN HIGH PLAINS","12","GLASSCOCK","173","","","00000000","","COTTON","COTTON - ACRES HARVESTED","TOTAL","NOT SPECIFIED","128,853","17.0"
"CENSUS","2017","YEAR","","COUNTY","TEXAS","48","SOUTHERN HIGH PLAINS","12","HOCKLEY","219","","","00000000","","COTTON","COTTON - ACRES HARVESTED","TOTAL","NOT SPECIFIED","152,495","17.0"
"CENSUS","2017","YEAR","","COUNTY","TEXAS","48","SOUTHERN HIGH PLAINS","12","HOWARD","227","","","00000000","","COTTON","COTTON - ACRES HARVESTED","TOTAL","NOT SPECIFIED","70,458","17.0"
"CENSUS","2017","YEAR","","COUNTY","TEXAS","48","SOUTHERN HIGH PLAINS","12","LAMB","279","","","00000000","","COTTON","COTTON - ACRES HARVESTED","TOTAL","NOT SPECIFIED","156,911","17.0"
"CENSUS","2017","YEAR","","COUNTY","TEXAS","48","SOUTHERN HIGH PLAINS","12","LUBBOCK","303","","","00000000","","COTTON","COTTON - ACRES HARVESTED","TOTAL","NOT SPECIFIED","264,305","17.0"
"CENSUS","2017","YEAR","","COUNTY","TEXAS","48","SOUTHERN HIGH PLAINS","12","LYNN","305","","","00000000","","COTTON","COTTON - ACRES HARVESTED","TOTAL","NOT SPECIFIED","297,817","17.0"
"CENSUS","2017","YEAR","","COUNTY","TEXAS","48","SOUTHERN HIGH PLAINS","12","MARTIN","317","","","00000000","","COTTON","COTTON - ACRES HARVESTED","TOTAL","NOT SPECIFIED","148,810","17.0"
"CENSUS","2017","YEAR","","COUNTY","TEXAS","48","SOUTHERN HIGH PLAINS","12","MIDLAND","329","","","00000000","","COTTON","COTTON - ACRES HARVESTED","TOTAL","NOT SPECIFIED","11,344","17.0"
"CENSUS","2017","YEAR","","COUNTY","TEXAS","48","SOUTHERN HIGH PLAINS","12","TERRY","445","","","00000000","","COTTON","COTTON - ACRES HARVESTED","TOTAL","NOT SPECIFIED","209,724","17.0"
"CENSUS","2017","YEAR","","COUNTY","TEXAS","48","SOUTHERN HIGH PLAINS","12","YOAKUM","501","","","00000000","","COTTON","COTTON - ACRES HARVESTED","TOTAL","NOT SPECIFIED","98,050","17.0"
"CENSUS","2017","YEAR","","COUNTY","TEXAS","48","SOUTHERN LOW PLAINS","22","BAYLOR","023","","","00000000","","COTTON","COTTON - ACRES HARVESTED","TOTAL","NOT SPECIFIED","7,896","17.0"
"CENSUS","2017","YEAR","","COUNTY","TEXAS","48","SOUTHERN LOW PLAINS","22","COLEMAN","083","","","00000000","","COTTON","COTTON - ACRES HARVESTED","TOTAL","NOT SPECIFIED","5,934","17.0"
"CENSUS","2017","YEAR","","COUNTY","TEXAS","48","SOUTHERN LOW PLAINS","22","FISHER","151","","","00000000","","COTTON","COTTON - ACRES HARVESTED","TOTAL","NOT SPECIFIED","76,475","17.0"
"CENSUS","2017","YEAR","","COUNTY","TEXAS","48","SOUTHERN LOW PLAINS","22","HASKELL","207","","","00000000","","COTTON","COTTON - ACRES HARVESTED","TOTAL","NOT SPECIFIED","85,786","17.0"
"CENSUS","2017","YEAR","","COUNTY","TEXAS","48","SOUTHERN LOW PLAINS","22","JONES","253","","","00000000","","COTTON","COTTON - ACRES HARVESTED","TOTAL","NOT SPECIFIED","79,795","17.0"
"CENSUS","2017","YEAR","","COUNTY","TEXAS","48","SOUTHERN LOW PLAINS","22","KNOX","275","","","00000000","","COTTON","COTTON - ACRES HARVESTED","TOTAL","NOT SPECIFIED","16,527","17.0"
"CENSUS","2017","YEAR","","COUNTY","TEXAS","48","SOUTHERN LOW PLAINS","22","MITCHELL","335","","","00000000","","COTTON","COTTON - ACRES HARVESTED","TOTAL","NOT SPECIFIED","39,261","17.0"
"CENSUS","2017","YEAR","","COUNTY","TEXAS","48","SOUTHERN LOW PLAINS","22","NOLAN","353","","","00000000","","COTTON","COTTON - ACRES HARVESTED","TOTAL","NOT SPECIFIED","60,821","17.0"
"CENSUS","2017","YEAR","","COUNTY","TEXAS","48","SOUTHERN LOW PLAINS","22","RUNNELS","399","","","00000000","","COTTON","COTTON - ACRES HARVESTED","TOTAL","NOT SPECIFIED","69,222","17.0"
"CENSUS","2017","YEAR","","COUNTY","TEXAS","48","SOUTHERN LOW PLAINS","22","SCURRY","415","","","00000000","","COTTON","COTTON - ACRES HARVESTED","TOTAL","NOT SPECIFIED","67,194","17.0"
"CENSUS","2017","YEAR","","COUNTY","TEXAS","48","SOUTHERN LOW PLAINS","22","STONEWALL","433","","","00000000","","COTTON","COTTON - ACRES HARVESTED","TOTAL","NOT SPECIFIED","23,047","17.0"
"CENSUS","2017","YEAR","","COUNTY","TEXAS","48","SOUTHERN LOW PLAINS","22","TAYLOR","441","","","00000000","","COTTON","COTTON - ACRES HARVESTED","TOTAL","NOT SPECIFIED","18,085","17.0"
"CENSUS","2017","YEAR","","COUNTY","TEXAS","48","TRANS-PECOS","60","BREWSTER","043","","","00000000","","COTTON","COTTON - ACRES HARVESTED","TOTAL","NOT SPECIFIED"," (D)","(D)"
"CENSUS","2017","YEAR","","COUNTY","TEXAS","48","TRANS-PECOS","60","EL PASO","141","","","00000000","","COTTON","COTTON - ACRES HARVESTED","TOTAL","NOT SPECIFIED","14,873","17.0"
"CENSUS","2017","YEAR","","COUNTY","TEXAS","48","TRANS-PECOS","60","HUDSPETH","229","","","00000000","","COTTON","COTTON - ACRES HARVESTED","TOTAL","NOT SPECIFIED","2,739","17.0"
"CENSUS","2017","YEAR","","COUNTY","TEXAS","48","TRANS-PECOS","60","PECOS","371","","","00000000","","COTTON","COTTON - ACRES HARVESTED","TOTAL","NOT SPECIFIED","3,181","17.0"
"CENSUS","2017","YEAR","","COUNTY","TEXAS","48","TRANS-PECOS","60","REEVES","389","","","00000000","","COTTON","COTTON - ACRES HARVESTED","TOTAL","NOT SPECIFIED"," (D)","(D)"
"CENSUS","2017","YEAR","","COUNTY","TEXAS","48","UPPER COAST","90","BRAZORIA","039","","","00000000","","COTTON","COTTON - ACRES HARVESTED","TOTAL","NOT SPECIFIED"," (D)","(D)"
"CENSUS","2017","YEAR","","COUNTY","TEXAS","48","UPPER COAST","90","CALHOUN","057","","","00000000","","COTTON","COTTON - ACRES HARVESTED","TOTAL","NOT SPECIFIED","11,308","17.0"
"CENSUS","2017","YEAR","","COUNTY","TEXAS","48","UPPER COAST","90","FORT BEND","157","","","00000000","","COTTON","COTTON - ACRES HARVESTED","TOTAL","NOT SPECIFIED","42,210","17.0"
"CENSUS","2017","YEAR","","COUNTY","TEXAS","48","UPPER COAST","90","HARRIS","201","","","00000000","","COTTON","COTTON - ACRES HARVESTED","TOTAL","NOT SPECIFIED"," (D)","(D)"
"CENSUS","2017","YEAR","","COUNTY","TEXAS","48","UPPER COAST","90","JACKSON","239","","","00000000","","COTTON","COTTON - ACRES HARVESTED","TOTAL","NOT SPECIFIED","39,488","17.0"
"CENSUS","2017","YEAR","","COUNTY","TEXAS","48","UPPER COAST","90","MATAGORDA","321","","","00000000","","COTTON","COTTON - ACRES HARVESTED","TOTAL","NOT SPECIFIED","25,911","17.0"
"CENSUS","2017","YEAR","","COUNTY","TEXAS","48","UPPER COAST","90","VICTORIA","469","","","00000000","","COTTON","COTTON - ACRES HARVESTED","TOTAL","NOT SPECIFIED","13,801","17.0"
"CENSUS","2017","YEAR","","COUNTY","TEXAS","48","UPPER COAST","90","WHARTON","481","","","00000000","","COTTON","COTTON - ACRES HARVESTED","TOTAL","NOT SPECIFIED","80,643","17.0"
