Program,Year,Period,Week Ending,Geo Level,State,State ANSI,Ag District,Ag District Code,County,County ANSI,Zip Code,Region,watershed_code,Watershed,Commodity,Data Item,Domain,Domain Category,Value,CV (%)
CENSUS,2017,YEAR,,COUNTY,TEXAS,48,BLACKLANDS,40,BELL,27,,,0,,SORGHUM,"SORGHUM, GRAIN - ACRES HARVESTED",TOTAL,NOT SPECIFIED,"7,264.00",18.3
CENSUS,2017,YEAR,,COUNTY,TEXAS,48,BLACKLANDS,40,BOSQUE,35,,,0,,SORGHUM,"SORGHUM, GRAIN - ACRES HARVESTED",TOTAL,NOT SPECIFIED,"1,299.00",18.3
CENSUS,2017,YEAR,,COUNTY,TEXAS,48,BLACKLANDS,40,COLLIN,85,,,0,,SORGHUM,"SORGHUM, GRAIN - ACRES HARVESTED",TOTAL,NOT SPECIFIED,"7,102.00",18.3
CENSUS,2017,YEAR,,COUNTY,TEXAS,48,BLACKLANDS,40,COOKE,97,,,0,,SORGHUM,"SORGHUM, GRAIN - ACRES HARVESTED",TOTAL,NOT SPECIFIED,"4,870.00",18.3
CENSUS,2017,YEAR,,COUNTY,TEXAS,48,BLACKLANDS,40,CORYELL,99,,,0,,SORGHUM,"SORGHUM, GRAIN - ACRES HARVESTED",TOTAL,NOT SPECIFIED,"4,705.00",18.3
CENSUS,2017,YEAR,,COUNTY,TEXAS,48,BLACKLANDS,40,DALLAS,113,,,0,,SORGHUM,"SORGHUM, GRAIN - ACRES HARVESTED",TOTAL,NOT SPECIFIED,,(D)
CENSUS,2017,YEAR,,COUNTY,TEXAS,48,BLACKLANDS,40,DELTA,119,,,0,,SORGHUM,"SORGHUM, GRAIN - ACRES HARVESTED",TOTAL,NOT SPECIFIED,"1,000.00",18.3
CENSUS,2017,YEAR,,COUNTY,TEXAS,48,BLACKLANDS,40,DENTON,121,,,0,,SORGHUM,"SORGHUM, GRAIN - ACRES HARVESTED",TOTAL,NOT SPECIFIED,"9,346.00",18.3
CENSUS,2017,YEAR,,COUNTY,TEXAS,48,BLACKLANDS,40,ELLIS,139,,,0,,SORGHUM,"SORGHUM, GRAIN - ACRES HARVESTED",TOTAL,NOT SPECIFIED,"5,191.00",18.3
CENSUS,2017,YEAR,,COUNTY,TEXAS,48,BLACKLANDS,40,FALLS,145,,,0,,SORGHUM,"SORGHUM, GRAIN - ACRES HARVESTED",TOTAL,NOT SPECIFIED,"2,455.00",18.3
CENSUS,2017,YEAR,,COUNTY,TEXAS,48,BLACKLANDS,40,FANNIN,147,,,0,,SORGHUM,"SORGHUM, GRAIN - ACRES HARVESTED",TOTAL,NOT SPECIFIED,,(D)
CENSUS,2017,YEAR,,COUNTY,TEXAS,48,BLACKLANDS,40,GRAYSON,181,,,0,,SORGHUM,"SORGHUM, GRAIN - ACRES HARVESTED",TOTAL,NOT SPECIFIED,"7,181.00",18.3
CENSUS,2017,YEAR,,COUNTY,TEXAS,48,BLACKLANDS,40,HAMILTON,193,,,0,,SORGHUM,"SORGHUM, GRAIN - ACRES HARVESTED",TOTAL,NOT SPECIFIED,"1,335.00",18.3
CENSUS,2017,YEAR,,COUNTY,TEXAS,48,BLACKLANDS,40,HILL,217,,,0,,SORGHUM,"SORGHUM, GRAIN - ACRES HARVESTED",TOTAL,NOT SPECIFIED,"3,587.00",18.3
CENSUS,2017,YEAR,,COUNTY,TEXAS,48,BLACKLANDS,40,HUNT,231,,,0,,SORGHUM,"SORGHUM, GRAIN - ACRES HARVESTED",TOTAL,NOT SPECIFIED,363.00,18.3
CENSUS,2017,YEAR,,COUNTY,TEXAS,48,BLACKLANDS,40,JOHNSON,251,,,0,,SORGHUM,"SORGHUM, GRAIN - ACRES HARVESTED",TOTAL,NOT SPECIFIED,"2,585.00",18.3
CENSUS,2017,YEAR,,COUNTY,TEXAS,48,BLACKLANDS,40,KAUFMAN,257,,,0,,SORGHUM,"SORGHUM, GRAIN - ACRES HARVESTED",TOTAL,NOT SPECIFIED,,(D)
CENSUS,2017,YEAR,,COUNTY,TEXAS,48,BLACKLANDS,40,LAMAR,277,,,0,,SORGHUM,"SORGHUM, GRAIN - ACRES HARVESTED",TOTAL,NOT SPECIFIED,,(D)
CENSUS,2017,YEAR,,COUNTY,TEXAS,48,BLACKLANDS,40,LIMESTONE,293,,,0,,SORGHUM,"SORGHUM, GRAIN - ACRES HARVESTED",TOTAL,NOT SPECIFIED,637.00,18.3
CENSUS,2017,YEAR,,COUNTY,TEXAS,48,BLACKLANDS,40,MCLENNAN,309,,,0,,SORGHUM,"SORGHUM, GRAIN - ACRES HARVESTED",TOTAL,NOT SPECIFIED,"5,243.00",18.3
CENSUS,2017,YEAR,,COUNTY,TEXAS,48,BLACKLANDS,40,MILAM,331,,,0,,SORGHUM,"SORGHUM, GRAIN - ACRES HARVESTED",TOTAL,NOT SPECIFIED,"10,072.00",18.3
CENSUS,2017,YEAR,,COUNTY,TEXAS,48,BLACKLANDS,40,NAVARRO,349,,,0,,SORGHUM,"SORGHUM, GRAIN - ACRES HARVESTED",TOTAL,NOT SPECIFIED,"5,813.00",18.3
CENSUS,2017,YEAR,,COUNTY,TEXAS,48,BLACKLANDS,40,ROCKWALL,397,,,0,,SORGHUM,"SORGHUM, GRAIN - ACRES HARVESTED",TOTAL,NOT SPECIFIED,"5,044.00",18.3
CENSUS,2017,YEAR,,COUNTY,TEXAS,48,BLACKLANDS,40,TARRANT,439,,,0,,SORGHUM,"SORGHUM, GRAIN - ACRES HARVESTED",TOTAL,NOT SPECIFIED,,(D)
CENSUS,2017,YEAR,,COUNTY,TEXAS,48,BLACKLANDS,40,WILLIAMSON,491,,,0,,SORGHUM,"SORGHUM, GRAIN - ACRES HARVESTED",TOTAL,NOT SPECIFIED,"8,970.00",18.3
CENSUS,2017,YEAR,,COUNTY,TEXAS,48,COASTAL BEND,82,KLEBERG,273,,,0,,SORGHUM,"SORGHUM, GRAIN - ACRES HARVESTED",TOTAL,NOT SPECIFIED,"24,655.00",18.3
CENSUS,2017,YEAR,,COUNTY,TEXAS,48,COASTAL BEND,82,NUECES,355,,,0,,SORGHUM,"SORGHUM, GRAIN - ACRES HARVESTED",TOTAL,NOT SPECIFIED,"1,42,457.00",18.3
CENSUS,2017,YEAR,,COUNTY,TEXAS,48,COASTAL BEND,82,REFUGIO,391,,,0,,SORGHUM,"SORGHUM, GRAIN - ACRES HARVESTED",TOTAL,NOT SPECIFIED,"24,774.00",18.3
CENSUS,2017,YEAR,,COUNTY,TEXAS,48,COASTAL BEND,82,SAN PATRICIO,409,,,0,,SORGHUM,"SORGHUM, GRAIN - ACRES HARVESTED",TOTAL,NOT SPECIFIED,"85,707.00",18.3
CENSUS,2017,YEAR,,COUNTY,TEXAS,48,CROSS TIMBERS,30,ARCHER,9,,,0,,SORGHUM,"SORGHUM, GRAIN - ACRES HARVESTED",TOTAL,NOT SPECIFIED,,(D)
CENSUS,2017,YEAR,,COUNTY,TEXAS,48,CROSS TIMBERS,30,BROWN,49,,,0,,SORGHUM,"SORGHUM, GRAIN - ACRES HARVESTED",TOTAL,NOT SPECIFIED,,(D)
CENSUS,2017,YEAR,,COUNTY,TEXAS,48,CROSS TIMBERS,30,CALLAHAN,59,,,0,,SORGHUM,"SORGHUM, GRAIN - ACRES HARVESTED",TOTAL,NOT SPECIFIED,,(D)
CENSUS,2017,YEAR,,COUNTY,TEXAS,48,CROSS TIMBERS,30,CLAY,77,,,0,,SORGHUM,"SORGHUM, GRAIN - ACRES HARVESTED",TOTAL,NOT SPECIFIED,520.00,18.3
CENSUS,2017,YEAR,,COUNTY,TEXAS,48,CROSS TIMBERS,30,COMANCHE,93,,,0,,SORGHUM,"SORGHUM, GRAIN - ACRES HARVESTED",TOTAL,NOT SPECIFIED,781.00,18.3
CENSUS,2017,YEAR,,COUNTY,TEXAS,48,CROSS TIMBERS,30,EASTLAND,133,,,0,,SORGHUM,"SORGHUM, GRAIN - ACRES HARVESTED",TOTAL,NOT SPECIFIED,,(D)
CENSUS,2017,YEAR,,COUNTY,TEXAS,48,CROSS TIMBERS,30,ERATH,143,,,0,,SORGHUM,"SORGHUM, GRAIN - ACRES HARVESTED",TOTAL,NOT SPECIFIED,"1,449.00",18.3
CENSUS,2017,YEAR,,COUNTY,TEXAS,48,CROSS TIMBERS,30,MILLS,333,,,0,,SORGHUM,"SORGHUM, GRAIN - ACRES HARVESTED",TOTAL,NOT SPECIFIED,,(D)
CENSUS,2017,YEAR,,COUNTY,TEXAS,48,CROSS TIMBERS,30,MONTAGUE,337,,,0,,SORGHUM,"SORGHUM, GRAIN - ACRES HARVESTED",TOTAL,NOT SPECIFIED,,(D)
CENSUS,2017,YEAR,,COUNTY,TEXAS,48,CROSS TIMBERS,30,STEPHENS,429,,,0,,SORGHUM,"SORGHUM, GRAIN - ACRES HARVESTED",TOTAL,NOT SPECIFIED,300.00,18.3
CENSUS,2017,YEAR,,COUNTY,TEXAS,48,CROSS TIMBERS,30,THROCKMORTON,447,,,0,,SORGHUM,"SORGHUM, GRAIN - ACRES HARVESTED",TOTAL,NOT SPECIFIED,,(D)
CENSUS,2017,YEAR,,COUNTY,TEXAS,48,CROSS TIMBERS,30,WISE,497,,,0,,SORGHUM,"SORGHUM, GRAIN - ACRES HARVESTED",TOTAL,NOT SPECIFIED,904.00,18.3
CENSUS,2017,YEAR,,COUNTY,TEXAS,48,EAST TEXAS NORTH,51,BOWIE,37,,,0,,SORGHUM,"SORGHUM, GRAIN - ACRES HARVESTED",TOTAL,NOT SPECIFIED,,(D)
CENSUS,2017,YEAR,,COUNTY,TEXAS,48,EAST TEXAS NORTH,51,FRANKLIN,159,,,0,,SORGHUM,"SORGHUM, GRAIN - ACRES HARVESTED",TOTAL,NOT SPECIFIED,,(D)
CENSUS,2017,YEAR,,COUNTY,TEXAS,48,EAST TEXAS NORTH,51,HOPKINS,223,,,0,,SORGHUM,"SORGHUM, GRAIN - ACRES HARVESTED",TOTAL,NOT SPECIFIED,,(D)
CENSUS,2017,YEAR,,COUNTY,TEXAS,48,EAST TEXAS NORTH,51,SHELBY,419,,,0,,SORGHUM,"SORGHUM, GRAIN - ACRES HARVESTED",TOTAL,NOT SPECIFIED,,(D)
CENSUS,2017,YEAR,,COUNTY,TEXAS,48,EAST TEXAS SOUTH,52,BRAZOS,41,,,0,,SORGHUM,"SORGHUM, GRAIN - ACRES HARVESTED",TOTAL,NOT SPECIFIED,"1,428.00",18.3
CENSUS,2017,YEAR,,COUNTY,TEXAS,48,EAST TEXAS SOUTH,52,GRIMES,185,,,0,,SORGHUM,"SORGHUM, GRAIN - ACRES HARVESTED",TOTAL,NOT SPECIFIED,,(D)
CENSUS,2017,YEAR,,COUNTY,TEXAS,48,EAST TEXAS SOUTH,52,LEON,289,,,0,,SORGHUM,"SORGHUM, GRAIN - ACRES HARVESTED",TOTAL,NOT SPECIFIED,,(D)
CENSUS,2017,YEAR,,COUNTY,TEXAS,48,EAST TEXAS SOUTH,52,ROBERTSON,395,,,0,,SORGHUM,"SORGHUM, GRAIN - ACRES HARVESTED",TOTAL,NOT SPECIFIED,"3,746.00",18.3
CENSUS,2017,YEAR,,COUNTY,TEXAS,48,EAST TEXAS SOUTH,52,SAN JACINTO,407,,,0,,SORGHUM,"SORGHUM, GRAIN - ACRES HARVESTED",TOTAL,NOT SPECIFIED,,(D)
CENSUS,2017,YEAR,,COUNTY,TEXAS,48,EAST TEXAS SOUTH,52,WALLER,473,,,0,,SORGHUM,"SORGHUM, GRAIN - ACRES HARVESTED",TOTAL,NOT SPECIFIED,"1,672.00",18.3
CENSUS,2017,YEAR,,COUNTY,TEXAS,48,EDWARDS PLATEAU,70,BLANCO,31,,,0,,SORGHUM,"SORGHUM, GRAIN - ACRES HARVESTED",TOTAL,NOT SPECIFIED,,(D)
CENSUS,2017,YEAR,,COUNTY,TEXAS,48,EDWARDS PLATEAU,70,COKE,81,,,0,,SORGHUM,"SORGHUM, GRAIN - ACRES HARVESTED",TOTAL,NOT SPECIFIED,,(D)
CENSUS,2017,YEAR,,COUNTY,TEXAS,48,EDWARDS PLATEAU,70,CONCHO,95,,,0,,SORGHUM,"SORGHUM, GRAIN - ACRES HARVESTED",TOTAL,NOT SPECIFIED,"5,677.00",18.3
CENSUS,2017,YEAR,,COUNTY,TEXAS,48,EDWARDS PLATEAU,70,GILLESPIE,171,,,0,,SORGHUM,"SORGHUM, GRAIN - ACRES HARVESTED",TOTAL,NOT SPECIFIED,"1,411.00",18.3
CENSUS,2017,YEAR,,COUNTY,TEXAS,48,EDWARDS PLATEAU,70,IRION,235,,,0,,SORGHUM,"SORGHUM, GRAIN - ACRES HARVESTED",TOTAL,NOT SPECIFIED,,(D)
CENSUS,2017,YEAR,,COUNTY,TEXAS,48,EDWARDS PLATEAU,70,KENDALL,259,,,0,,SORGHUM,"SORGHUM, GRAIN - ACRES HARVESTED",TOTAL,NOT SPECIFIED,,(D)
CENSUS,2017,YEAR,,COUNTY,TEXAS,48,EDWARDS PLATEAU,70,MCCULLOCH,307,,,0,,SORGHUM,"SORGHUM, GRAIN - ACRES HARVESTED",TOTAL,NOT SPECIFIED,"1,013.00",18.3
CENSUS,2017,YEAR,,COUNTY,TEXAS,48,EDWARDS PLATEAU,70,REAGAN,383,,,0,,SORGHUM,"SORGHUM, GRAIN - ACRES HARVESTED",TOTAL,NOT SPECIFIED,"1,820.00",18.3
CENSUS,2017,YEAR,,COUNTY,TEXAS,48,EDWARDS PLATEAU,70,SCHLEICHER,413,,,0,,SORGHUM,"SORGHUM, GRAIN - ACRES HARVESTED",TOTAL,NOT SPECIFIED,"1,052.00",18.3
CENSUS,2017,YEAR,,COUNTY,TEXAS,48,EDWARDS PLATEAU,70,TOM GREEN,451,,,0,,SORGHUM,"SORGHUM, GRAIN - ACRES HARVESTED",TOTAL,NOT SPECIFIED,"12,256.00",18.3
CENSUS,2017,YEAR,,COUNTY,TEXAS,48,EDWARDS PLATEAU,70,UPTON,461,,,0,,SORGHUM,"SORGHUM, GRAIN - ACRES HARVESTED",TOTAL,NOT SPECIFIED,"1,577.00",18.3
CENSUS,2017,YEAR,,COUNTY,TEXAS,48,EDWARDS PLATEAU,70,UVALDE,463,,,0,,SORGHUM,"SORGHUM, GRAIN - ACRES HARVESTED",TOTAL,NOT SPECIFIED,"6,354.00",18.3
CENSUS,2017,YEAR,,COUNTY,TEXAS,48,LOWER VALLEY,97,CAMERON,61,,,0,,SORGHUM,"SORGHUM, GRAIN - ACRES HARVESTED",TOTAL,NOT SPECIFIED,"50,269.00",18.3
CENSUS,2017,YEAR,,COUNTY,TEXAS,48,LOWER VALLEY,97,HIDALGO,215,,,0,,SORGHUM,"SORGHUM, GRAIN - ACRES HARVESTED",TOTAL,NOT SPECIFIED,"84,012.00",18.3
CENSUS,2017,YEAR,,COUNTY,TEXAS,48,LOWER VALLEY,97,STARR,427,,,0,,SORGHUM,"SORGHUM, GRAIN - ACRES HARVESTED",TOTAL,NOT SPECIFIED,"16,162.00",18.3
CENSUS,2017,YEAR,,COUNTY,TEXAS,48,LOWER VALLEY,97,WILLACY,489,,,0,,SORGHUM,"SORGHUM, GRAIN - ACRES HARVESTED",TOTAL,NOT SPECIFIED,"85,065.00",18.3
CENSUS,2017,YEAR,,COUNTY,TEXAS,48,NORTHERN HIGH PLAINS,11,ARMSTRONG,11,,,0,,SORGHUM,"SORGHUM, GRAIN - ACRES HARVESTED",TOTAL,NOT SPECIFIED,"7,194.00",18.3
CENSUS,2017,YEAR,,COUNTY,TEXAS,48,NORTHERN HIGH PLAINS,11,BRISCOE,45,,,0,,SORGHUM,"SORGHUM, GRAIN - ACRES HARVESTED",TOTAL,NOT SPECIFIED,"3,574.00",18.3
CENSUS,2017,YEAR,,COUNTY,TEXAS,48,NORTHERN HIGH PLAINS,11,CARSON,65,,,0,,SORGHUM,"SORGHUM, GRAIN - ACRES HARVESTED",TOTAL,NOT SPECIFIED,"34,031.00",18.3
CENSUS,2017,YEAR,,COUNTY,TEXAS,48,NORTHERN HIGH PLAINS,11,CASTRO,69,,,0,,SORGHUM,"SORGHUM, GRAIN - ACRES HARVESTED",TOTAL,NOT SPECIFIED,"9,714.00",18.3
CENSUS,2017,YEAR,,COUNTY,TEXAS,48,NORTHERN HIGH PLAINS,11,DALLAM,111,,,0,,SORGHUM,"SORGHUM, GRAIN - ACRES HARVESTED",TOTAL,NOT SPECIFIED,"14,457.00",18.3
CENSUS,2017,YEAR,,COUNTY,TEXAS,48,NORTHERN HIGH PLAINS,11,DEAF SMITH,117,,,0,,SORGHUM,"SORGHUM, GRAIN - ACRES HARVESTED",TOTAL,NOT SPECIFIED,"41,104.00",18.3
CENSUS,2017,YEAR,,COUNTY,TEXAS,48,NORTHERN HIGH PLAINS,11,FLOYD,153,,,0,,SORGHUM,"SORGHUM, GRAIN - ACRES HARVESTED",TOTAL,NOT SPECIFIED,"7,751.00",18.3
CENSUS,2017,YEAR,,COUNTY,TEXAS,48,NORTHERN HIGH PLAINS,11,GRAY,179,,,0,,SORGHUM,"SORGHUM, GRAIN - ACRES HARVESTED",TOTAL,NOT SPECIFIED,"3,743.00",18.3
CENSUS,2017,YEAR,,COUNTY,TEXAS,48,NORTHERN HIGH PLAINS,11,HALE,189,,,0,,SORGHUM,"SORGHUM, GRAIN - ACRES HARVESTED",TOTAL,NOT SPECIFIED,"15,373.00",18.3
CENSUS,2017,YEAR,,COUNTY,TEXAS,48,NORTHERN HIGH PLAINS,11,HANSFORD,195,,,0,,SORGHUM,"SORGHUM, GRAIN - ACRES HARVESTED",TOTAL,NOT SPECIFIED,"7,662.00",18.3
CENSUS,2017,YEAR,,COUNTY,TEXAS,48,NORTHERN HIGH PLAINS,11,HARTLEY,205,,,0,,SORGHUM,"SORGHUM, GRAIN - ACRES HARVESTED",TOTAL,NOT SPECIFIED,"8,972.00",18.3
CENSUS,2017,YEAR,,COUNTY,TEXAS,48,NORTHERN HIGH PLAINS,11,HUTCHINSON,233,,,0,,SORGHUM,"SORGHUM, GRAIN - ACRES HARVESTED",TOTAL,NOT SPECIFIED,"2,863.00",18.3
CENSUS,2017,YEAR,,COUNTY,TEXAS,48,NORTHERN HIGH PLAINS,11,LIPSCOMB,295,,,0,,SORGHUM,"SORGHUM, GRAIN - ACRES HARVESTED",TOTAL,NOT SPECIFIED,"11,595.00",18.3
CENSUS,2017,YEAR,,COUNTY,TEXAS,48,NORTHERN HIGH PLAINS,11,MOORE,341,,,0,,SORGHUM,"SORGHUM, GRAIN - ACRES HARVESTED",TOTAL,NOT SPECIFIED,"20,873.00",18.3
CENSUS,2017,YEAR,,COUNTY,TEXAS,48,NORTHERN HIGH PLAINS,11,OCHILTREE,357,,,0,,SORGHUM,"SORGHUM, GRAIN - ACRES HARVESTED",TOTAL,NOT SPECIFIED,"41,040.00",18.3
CENSUS,2017,YEAR,,COUNTY,TEXAS,48,NORTHERN HIGH PLAINS,11,OLDHAM,359,,,0,,SORGHUM,"SORGHUM, GRAIN - ACRES HARVESTED",TOTAL,NOT SPECIFIED,"6,321.00",18.3
CENSUS,2017,YEAR,,COUNTY,TEXAS,48,NORTHERN HIGH PLAINS,11,PARMER,369,,,0,,SORGHUM,"SORGHUM, GRAIN - ACRES HARVESTED",TOTAL,NOT SPECIFIED,"22,413.00",18.3
CENSUS,2017,YEAR,,COUNTY,TEXAS,48,NORTHERN HIGH PLAINS,11,POTTER,375,,,0,,SORGHUM,"SORGHUM, GRAIN - ACRES HARVESTED",TOTAL,NOT SPECIFIED,"1,217.00",18.3
CENSUS,2017,YEAR,,COUNTY,TEXAS,48,NORTHERN HIGH PLAINS,11,RANDALL,381,,,0,,SORGHUM,"SORGHUM, GRAIN - ACRES HARVESTED",TOTAL,NOT SPECIFIED,"12,414.00",18.3
CENSUS,2017,YEAR,,COUNTY,TEXAS,48,NORTHERN HIGH PLAINS,11,ROBERTS,393,,,0,,SORGHUM,"SORGHUM, GRAIN - ACRES HARVESTED",TOTAL,NOT SPECIFIED,,(D)
CENSUS,2017,YEAR,,COUNTY,TEXAS,48,NORTHERN HIGH PLAINS,11,SHERMAN,421,,,0,,SORGHUM,"SORGHUM, GRAIN - ACRES HARVESTED",TOTAL,NOT SPECIFIED,"24,168.00",18.3
CENSUS,2017,YEAR,,COUNTY,TEXAS,48,NORTHERN HIGH PLAINS,11,SWISHER,437,,,0,,SORGHUM,"SORGHUM, GRAIN - ACRES HARVESTED",TOTAL,NOT SPECIFIED,"18,019.00",18.3
CENSUS,2017,YEAR,,COUNTY,TEXAS,48,NORTHERN LOW PLAINS,21,BORDEN,33,,,0,,SORGHUM,"SORGHUM, GRAIN - ACRES HARVESTED",TOTAL,NOT SPECIFIED,,(D)
CENSUS,2017,YEAR,,COUNTY,TEXAS,48,NORTHERN LOW PLAINS,21,CHILDRESS,75,,,0,,SORGHUM,"SORGHUM, GRAIN - ACRES HARVESTED",TOTAL,NOT SPECIFIED,"1,875.00",18.3
CENSUS,2017,YEAR,,COUNTY,TEXAS,48,NORTHERN LOW PLAINS,21,COLLINGSWORTH,87,,,0,,SORGHUM,"SORGHUM, GRAIN - ACRES HARVESTED",TOTAL,NOT SPECIFIED,954.00,18.3
CENSUS,2017,YEAR,,COUNTY,TEXAS,48,NORTHERN LOW PLAINS,21,DICKENS,125,,,0,,SORGHUM,"SORGHUM, GRAIN - ACRES HARVESTED",TOTAL,NOT SPECIFIED,"1,074.00",18.3
CENSUS,2017,YEAR,,COUNTY,TEXAS,48,NORTHERN LOW PLAINS,21,DONLEY,129,,,0,,SORGHUM,"SORGHUM, GRAIN - ACRES HARVESTED",TOTAL,NOT SPECIFIED,941.00,18.3
CENSUS,2017,YEAR,,COUNTY,TEXAS,48,NORTHERN LOW PLAINS,21,HALL,191,,,0,,SORGHUM,"SORGHUM, GRAIN - ACRES HARVESTED",TOTAL,NOT SPECIFIED,,(D)
CENSUS,2017,YEAR,,COUNTY,TEXAS,48,NORTHERN LOW PLAINS,21,HARDEMAN,197,,,0,,SORGHUM,"SORGHUM, GRAIN - ACRES HARVESTED",TOTAL,NOT SPECIFIED,,(D)
CENSUS,2017,YEAR,,COUNTY,TEXAS,48,NORTHERN LOW PLAINS,21,KENT,263,,,0,,SORGHUM,"SORGHUM, GRAIN - ACRES HARVESTED",TOTAL,NOT SPECIFIED,,(D)
CENSUS,2017,YEAR,,COUNTY,TEXAS,48,NORTHERN LOW PLAINS,21,MOTLEY,345,,,0,,SORGHUM,"SORGHUM, GRAIN - ACRES HARVESTED",TOTAL,NOT SPECIFIED,,(D)
CENSUS,2017,YEAR,,COUNTY,TEXAS,48,NORTHERN LOW PLAINS,21,WHEELER,483,,,0,,SORGHUM,"SORGHUM, GRAIN - ACRES HARVESTED",TOTAL,NOT SPECIFIED,,(D)
CENSUS,2017,YEAR,,COUNTY,TEXAS,48,NORTHERN LOW PLAINS,21,WICHITA,485,,,0,,SORGHUM,"SORGHUM, GRAIN - ACRES HARVESTED",TOTAL,NOT SPECIFIED,"4,765.00",18.3
CENSUS,2017,YEAR,,COUNTY,TEXAS,48,NORTHERN LOW PLAINS,21,WILBARGER,487,,,0,,SORGHUM,"SORGHUM, GRAIN - ACRES HARVESTED",TOTAL,NOT SPECIFIED,"2,254.00",18.3
CENSUS,2017,YEAR,,COUNTY,TEXAS,48,SOUTH CENTRAL,81,AUSTIN,15,,,0,,SORGHUM,"SORGHUM, GRAIN - ACRES HARVESTED",TOTAL,NOT SPECIFIED,853.00,18.3
CENSUS,2017,YEAR,,COUNTY,TEXAS,48,SOUTH CENTRAL,81,BASTROP,21,,,0,,SORGHUM,"SORGHUM, GRAIN - ACRES HARVESTED",TOTAL,NOT SPECIFIED,,(D)
CENSUS,2017,YEAR,,COUNTY,TEXAS,48,SOUTH CENTRAL,81,BEE,25,,,0,,SORGHUM,"SORGHUM, GRAIN - ACRES HARVESTED",TOTAL,NOT SPECIFIED,"10,068.00",18.3
CENSUS,2017,YEAR,,COUNTY,TEXAS,48,SOUTH CENTRAL,81,BEXAR,29,,,0,,SORGHUM,"SORGHUM, GRAIN - ACRES HARVESTED",TOTAL,NOT SPECIFIED,"6,230.00",18.3
CENSUS,2017,YEAR,,COUNTY,TEXAS,48,SOUTH CENTRAL,81,BURLESON,51,,,0,,SORGHUM,"SORGHUM, GRAIN - ACRES HARVESTED",TOTAL,NOT SPECIFIED,"2,802.00",18.3
CENSUS,2017,YEAR,,COUNTY,TEXAS,48,SOUTH CENTRAL,81,CALDWELL,55,,,0,,SORGHUM,"SORGHUM, GRAIN - ACRES HARVESTED",TOTAL,NOT SPECIFIED,"6,495.00",18.3
CENSUS,2017,YEAR,,COUNTY,TEXAS,48,SOUTH CENTRAL,81,COLORADO,89,,,0,,SORGHUM,"SORGHUM, GRAIN - ACRES HARVESTED",TOTAL,NOT SPECIFIED,,(D)
CENSUS,2017,YEAR,,COUNTY,TEXAS,48,SOUTH CENTRAL,81,COMAL,91,,,0,,SORGHUM,"SORGHUM, GRAIN - ACRES HARVESTED",TOTAL,NOT SPECIFIED,,(D)
CENSUS,2017,YEAR,,COUNTY,TEXAS,48,SOUTH CENTRAL,81,DE WITT,123,,,0,,SORGHUM,"SORGHUM, GRAIN - ACRES HARVESTED",TOTAL,NOT SPECIFIED,,(D)
CENSUS,2017,YEAR,,COUNTY,TEXAS,48,SOUTH CENTRAL,81,FAYETTE,149,,,0,,SORGHUM,"SORGHUM, GRAIN - ACRES HARVESTED",TOTAL,NOT SPECIFIED,636.00,18.3
CENSUS,2017,YEAR,,COUNTY,TEXAS,48,SOUTH CENTRAL,81,GOLIAD,175,,,0,,SORGHUM,"SORGHUM, GRAIN - ACRES HARVESTED",TOTAL,NOT SPECIFIED,"1,700.00",18.3
CENSUS,2017,YEAR,,COUNTY,TEXAS,48,SOUTH CENTRAL,81,GONZALES,177,,,0,,SORGHUM,"SORGHUM, GRAIN - ACRES HARVESTED",TOTAL,NOT SPECIFIED,227.00,18.3
CENSUS,2017,YEAR,,COUNTY,TEXAS,48,SOUTH CENTRAL,81,GUADALUPE,187,,,0,,SORGHUM,"SORGHUM, GRAIN - ACRES HARVESTED",TOTAL,NOT SPECIFIED,"16,719.00",18.3
CENSUS,2017,YEAR,,COUNTY,TEXAS,48,SOUTH CENTRAL,81,HAYS,209,,,0,,SORGHUM,"SORGHUM, GRAIN - ACRES HARVESTED",TOTAL,NOT SPECIFIED,"2,385.00",18.3
CENSUS,2017,YEAR,,COUNTY,TEXAS,48,SOUTH CENTRAL,81,KARNES,255,,,0,,SORGHUM,"SORGHUM, GRAIN - ACRES HARVESTED",TOTAL,NOT SPECIFIED,"4,836.00",18.3
CENSUS,2017,YEAR,,COUNTY,TEXAS,48,SOUTH CENTRAL,81,LAVACA,285,,,0,,SORGHUM,"SORGHUM, GRAIN - ACRES HARVESTED",TOTAL,NOT SPECIFIED,,(D)
CENSUS,2017,YEAR,,COUNTY,TEXAS,48,SOUTH CENTRAL,81,LEE,287,,,0,,SORGHUM,"SORGHUM, GRAIN - ACRES HARVESTED",TOTAL,NOT SPECIFIED,,(D)
CENSUS,2017,YEAR,,COUNTY,TEXAS,48,SOUTH CENTRAL,81,MEDINA,325,,,0,,SORGHUM,"SORGHUM, GRAIN - ACRES HARVESTED",TOTAL,NOT SPECIFIED,"5,941.00",18.3
CENSUS,2017,YEAR,,COUNTY,TEXAS,48,SOUTH CENTRAL,81,TRAVIS,453,,,0,,SORGHUM,"SORGHUM, GRAIN - ACRES HARVESTED",TOTAL,NOT SPECIFIED,"5,711.00",18.3
CENSUS,2017,YEAR,,COUNTY,TEXAS,48,SOUTH CENTRAL,81,WILSON,493,,,0,,SORGHUM,"SORGHUM, GRAIN - ACRES HARVESTED",TOTAL,NOT SPECIFIED,"6,379.00",18.3
CENSUS,2017,YEAR,,COUNTY,TEXAS,48,SOUTH TEXAS,96,ATASCOSA,13,,,0,,SORGHUM,"SORGHUM, GRAIN - ACRES HARVESTED",TOTAL,NOT SPECIFIED,"1,179.00",18.3
CENSUS,2017,YEAR,,COUNTY,TEXAS,48,SOUTH TEXAS,96,DIMMIT,127,,,0,,SORGHUM,"SORGHUM, GRAIN - ACRES HARVESTED",TOTAL,NOT SPECIFIED,,(D)
CENSUS,2017,YEAR,,COUNTY,TEXAS,48,SOUTH TEXAS,96,DUVAL,131,,,0,,SORGHUM,"SORGHUM, GRAIN - ACRES HARVESTED",TOTAL,NOT SPECIFIED,,(D)
CENSUS,2017,YEAR,,COUNTY,TEXAS,48,SOUTH TEXAS,96,FRIO,163,,,0,,SORGHUM,"SORGHUM, GRAIN - ACRES HARVESTED",TOTAL,NOT SPECIFIED,"2,069.00",18.3
CENSUS,2017,YEAR,,COUNTY,TEXAS,48,SOUTH TEXAS,96,JIM WELLS,249,,,0,,SORGHUM,"SORGHUM, GRAIN - ACRES HARVESTED",TOTAL,NOT SPECIFIED,"51,599.00",18.3
CENSUS,2017,YEAR,,COUNTY,TEXAS,48,SOUTH TEXAS,96,LA SALLE,283,,,0,,SORGHUM,"SORGHUM, GRAIN - ACRES HARVESTED",TOTAL,NOT SPECIFIED,,(D)
CENSUS,2017,YEAR,,COUNTY,TEXAS,48,SOUTH TEXAS,96,LIVE OAK,297,,,0,,SORGHUM,"SORGHUM, GRAIN - ACRES HARVESTED",TOTAL,NOT SPECIFIED,"5,272.00",18.3
CENSUS,2017,YEAR,,COUNTY,TEXAS,48,SOUTH TEXAS,96,ZAPATA,505,,,0,,SORGHUM,"SORGHUM, GRAIN - ACRES HARVESTED",TOTAL,NOT SPECIFIED,,(D)
CENSUS,2017,YEAR,,COUNTY,TEXAS,48,SOUTH TEXAS,96,ZAVALA,507,,,0,,SORGHUM,"SORGHUM, GRAIN - ACRES HARVESTED",TOTAL,NOT SPECIFIED,"4,951.00",18.3
CENSUS,2017,YEAR,,COUNTY,TEXAS,48,SOUTHERN HIGH PLAINS,12,ANDREWS,3,,,0,,SORGHUM,"SORGHUM, GRAIN - ACRES HARVESTED",TOTAL,NOT SPECIFIED,,(D)
CENSUS,2017,YEAR,,COUNTY,TEXAS,48,SOUTHERN HIGH PLAINS,12,BAILEY,17,,,0,,SORGHUM,"SORGHUM, GRAIN - ACRES HARVESTED",TOTAL,NOT SPECIFIED,"17,078.00",18.3
CENSUS,2017,YEAR,,COUNTY,TEXAS,48,SOUTHERN HIGH PLAINS,12,COCHRAN,79,,,0,,SORGHUM,"SORGHUM, GRAIN - ACRES HARVESTED",TOTAL,NOT SPECIFIED,"31,180.00",18.3
CENSUS,2017,YEAR,,COUNTY,TEXAS,48,SOUTHERN HIGH PLAINS,12,CROSBY,107,,,0,,SORGHUM,"SORGHUM, GRAIN - ACRES HARVESTED",TOTAL,NOT SPECIFIED,"6,187.00",18.3
CENSUS,2017,YEAR,,COUNTY,TEXAS,48,SOUTHERN HIGH PLAINS,12,DAWSON,115,,,0,,SORGHUM,"SORGHUM, GRAIN - ACRES HARVESTED",TOTAL,NOT SPECIFIED,"3,681.00",18.3
CENSUS,2017,YEAR,,COUNTY,TEXAS,48,SOUTHERN HIGH PLAINS,12,GAINES,165,,,0,,SORGHUM,"SORGHUM, GRAIN - ACRES HARVESTED",TOTAL,NOT SPECIFIED,"13,945.00",18.3
CENSUS,2017,YEAR,,COUNTY,TEXAS,48,SOUTHERN HIGH PLAINS,12,GLASSCOCK,173,,,0,,SORGHUM,"SORGHUM, GRAIN - ACRES HARVESTED",TOTAL,NOT SPECIFIED,961.00,18.3
CENSUS,2017,YEAR,,COUNTY,TEXAS,48,SOUTHERN HIGH PLAINS,12,HOCKLEY,219,,,0,,SORGHUM,"SORGHUM, GRAIN - ACRES HARVESTED",TOTAL,NOT SPECIFIED,"72,464.00",18.3
CENSUS,2017,YEAR,,COUNTY,TEXAS,48,SOUTHERN HIGH PLAINS,12,HOWARD,227,,,0,,SORGHUM,"SORGHUM, GRAIN - ACRES HARVESTED",TOTAL,NOT SPECIFIED,,(D)
CENSUS,2017,YEAR,,COUNTY,TEXAS,48,SOUTHERN HIGH PLAINS,12,LAMB,279,,,0,,SORGHUM,"SORGHUM, GRAIN - ACRES HARVESTED",TOTAL,NOT SPECIFIED,"36,096.00",18.3
CENSUS,2017,YEAR,,COUNTY,TEXAS,48,SOUTHERN HIGH PLAINS,12,LUBBOCK,303,,,0,,SORGHUM,"SORGHUM, GRAIN - ACRES HARVESTED",TOTAL,NOT SPECIFIED,"23,354.00",18.3
CENSUS,2017,YEAR,,COUNTY,TEXAS,48,SOUTHERN HIGH PLAINS,12,LYNN,305,,,0,,SORGHUM,"SORGHUM, GRAIN - ACRES HARVESTED",TOTAL,NOT SPECIFIED,"22,224.00",18.3
CENSUS,2017,YEAR,,COUNTY,TEXAS,48,SOUTHERN HIGH PLAINS,12,MARTIN,317,,,0,,SORGHUM,"SORGHUM, GRAIN - ACRES HARVESTED",TOTAL,NOT SPECIFIED,"5,570.00",18.3
CENSUS,2017,YEAR,,COUNTY,TEXAS,48,SOUTHERN HIGH PLAINS,12,TERRY,445,,,0,,SORGHUM,"SORGHUM, GRAIN - ACRES HARVESTED",TOTAL,NOT SPECIFIED,"9,083.00",18.3
CENSUS,2017,YEAR,,COUNTY,TEXAS,48,SOUTHERN HIGH PLAINS,12,YOAKUM,501,,,0,,SORGHUM,"SORGHUM, GRAIN - ACRES HARVESTED",TOTAL,NOT SPECIFIED,"18,866.00",18.3
CENSUS,2017,YEAR,,COUNTY,TEXAS,48,SOUTHERN LOW PLAINS,22,BAYLOR,23,,,0,,SORGHUM,"SORGHUM, GRAIN - ACRES HARVESTED",TOTAL,NOT SPECIFIED,569.00,18.3
CENSUS,2017,YEAR,,COUNTY,TEXAS,48,SOUTHERN LOW PLAINS,22,COLEMAN,83,,,0,,SORGHUM,"SORGHUM, GRAIN - ACRES HARVESTED",TOTAL,NOT SPECIFIED,"1,738.00",18.3
CENSUS,2017,YEAR,,COUNTY,TEXAS,48,SOUTHERN LOW PLAINS,22,FISHER,151,,,0,,SORGHUM,"SORGHUM, GRAIN - ACRES HARVESTED",TOTAL,NOT SPECIFIED,,(D)
CENSUS,2017,YEAR,,COUNTY,TEXAS,48,SOUTHERN LOW PLAINS,22,HASKELL,207,,,0,,SORGHUM,"SORGHUM, GRAIN - ACRES HARVESTED",TOTAL,NOT SPECIFIED,"5,767.00",18.3
CENSUS,2017,YEAR,,COUNTY,TEXAS,48,SOUTHERN LOW PLAINS,22,JONES,253,,,0,,SORGHUM,"SORGHUM, GRAIN - ACRES HARVESTED",TOTAL,NOT SPECIFIED,"1,852.00",18.3
CENSUS,2017,YEAR,,COUNTY,TEXAS,48,SOUTHERN LOW PLAINS,22,KNOX,275,,,0,,SORGHUM,"SORGHUM, GRAIN - ACRES HARVESTED",TOTAL,NOT SPECIFIED,,(D)
CENSUS,2017,YEAR,,COUNTY,TEXAS,48,SOUTHERN LOW PLAINS,22,MITCHELL,335,,,0,,SORGHUM,"SORGHUM, GRAIN - ACRES HARVESTED",TOTAL,NOT SPECIFIED,445.00,18.3
CENSUS,2017,YEAR,,COUNTY,TEXAS,48,SOUTHERN LOW PLAINS,22,NOLAN,353,,,0,,SORGHUM,"SORGHUM, GRAIN - ACRES HARVESTED",TOTAL,NOT SPECIFIED,"1,590.00",18.3
CENSUS,2017,YEAR,,COUNTY,TEXAS,48,SOUTHERN LOW PLAINS,22,RUNNELS,399,,,0,,SORGHUM,"SORGHUM, GRAIN - ACRES HARVESTED",TOTAL,NOT SPECIFIED,"7,107.00",18.3
CENSUS,2017,YEAR,,COUNTY,TEXAS,48,SOUTHERN LOW PLAINS,22,SCURRY,415,,,0,,SORGHUM,"SORGHUM, GRAIN - ACRES HARVESTED",TOTAL,NOT SPECIFIED,,(D)
CENSUS,2017,YEAR,,COUNTY,TEXAS,48,SOUTHERN LOW PLAINS,22,STONEWALL,433,,,0,,SORGHUM,"SORGHUM, GRAIN - ACRES HARVESTED",TOTAL,NOT SPECIFIED,,(D)
CENSUS,2017,YEAR,,COUNTY,TEXAS,48,SOUTHERN LOW PLAINS,22,TAYLOR,441,,,0,,SORGHUM,"SORGHUM, GRAIN - ACRES HARVESTED",TOTAL,NOT SPECIFIED,"3,095.00",18.3
CENSUS,2017,YEAR,,COUNTY,TEXAS,48,TRANS-PECOS,60,EL PASO,141,,,0,,SORGHUM,"SORGHUM, GRAIN - ACRES HARVESTED",TOTAL,NOT SPECIFIED,,(D)
CENSUS,2017,YEAR,,COUNTY,TEXAS,48,TRANS-PECOS,60,PECOS,371,,,0,,SORGHUM,"SORGHUM, GRAIN - ACRES HARVESTED",TOTAL,NOT SPECIFIED,,(D)
CENSUS,2017,YEAR,,COUNTY,TEXAS,48,UPPER COAST,90,BRAZORIA,39,,,0,,SORGHUM,"SORGHUM, GRAIN - ACRES HARVESTED",TOTAL,NOT SPECIFIED,"7,712.00",18.3
CENSUS,2017,YEAR,,COUNTY,TEXAS,48,UPPER COAST,90,CALHOUN,57,,,0,,SORGHUM,"SORGHUM, GRAIN - ACRES HARVESTED",TOTAL,NOT SPECIFIED,"9,202.00",18.3
CENSUS,2017,YEAR,,COUNTY,TEXAS,48,UPPER COAST,90,FORT BEND,157,,,0,,SORGHUM,"SORGHUM, GRAIN - ACRES HARVESTED",TOTAL,NOT SPECIFIED,"15,911.00",18.3
CENSUS,2017,YEAR,,COUNTY,TEXAS,48,UPPER COAST,90,HARRIS,201,,,0,,SORGHUM,"SORGHUM, GRAIN - ACRES HARVESTED",TOTAL,NOT SPECIFIED,,(D)
CENSUS,2017,YEAR,,COUNTY,TEXAS,48,UPPER COAST,90,JACKSON,239,,,0,,SORGHUM,"SORGHUM, GRAIN - ACRES HARVESTED",TOTAL,NOT SPECIFIED,"6,330.00",18.3
CENSUS,2017,YEAR,,COUNTY,TEXAS,48,UPPER COAST,90,JEFFERSON,245,,,0,,SORGHUM,"SORGHUM, GRAIN - ACRES HARVESTED",TOTAL,NOT SPECIFIED,,(D)
CENSUS,2017,YEAR,,COUNTY,TEXAS,48,UPPER COAST,90,LIBERTY,291,,,0,,SORGHUM,"SORGHUM, GRAIN - ACRES HARVESTED",TOTAL,NOT SPECIFIED,,(D)
CENSUS,2017,YEAR,,COUNTY,TEXAS,48,UPPER COAST,90,MATAGORDA,321,,,0,,SORGHUM,"SORGHUM, GRAIN - ACRES HARVESTED",TOTAL,NOT SPECIFIED,"14,501.00",18.3
CENSUS,2017,YEAR,,COUNTY,TEXAS,48,UPPER COAST,90,VICTORIA,469,,,0,,SORGHUM,"SORGHUM, GRAIN - ACRES HARVESTED",TOTAL,NOT SPECIFIED,"10,537.00",18.3
CENSUS,2017,YEAR,,COUNTY,TEXAS,48,UPPER COAST,90,WHARTON,481,,,0,,SORGHUM,"SORGHUM, GRAIN - ACRES HARVESTED",TOTAL,NOT SPECIFIED,"18,383.00",18.3
