"Program","Year","Period","Week Ending","Geo Level","State","State ANSI","Ag District","Ag District Code","County","County ANSI","Zip Code","Region","watershed_code","Watershed","Commodity","Domain","Domain Category","CATTLE, COWS, BEEF - INVENTORY  -  <b>VALUE</b>","CATTLE, COWS, BEEF - INVENTORY  -  <b>CV (%)</b>","CATTLE, COWS, MILK - INVENTORY  -  <b>VALUE</b>","CATTLE, COWS, MILK - INVENTORY  -  <b>CV (%)</b>","CATTLE, INCL CALVES - INVENTORY  -  <b>VALUE</b>","CATTLE, INCL CALVES - INVENTORY  -  <b>CV (%)</b>"
"SURVEY","2022","FIRST OF JAN","","COUNTY","TEXAS","48","","99","OTHER COUNTIES","","","","00000000","","CATTLE","TOTAL","NOT SPECIFIED","1,274,000","","57,300","","",""
"SURVEY","2022","FIRST OF JAN","","COUNTY","TEXAS","48","BLACKLANDS","40","BELL","027","","","00000000","","CATTLE","TOTAL","NOT SPECIFIED"," (D)",""," (D)","","37,000",""
"SURVEY","2022","FIRST OF JAN","","COUNTY","TEXAS","48","BLACKLANDS","40","BOSQUE","035","","","00000000","","CATTLE","TOTAL","NOT SPECIFIED","23,500","","","","52,000",""
"SURVEY","2022","FIRST OF JAN","","COUNTY","TEXAS","48","BLACKLANDS","40","COLLIN","085","","","00000000","","CATTLE","TOTAL","NOT SPECIFIED","17,400","","","","42,000",""
"SURVEY","2022","FIRST OF JAN","","COUNTY","TEXAS","48","BLACKLANDS","40","COOKE","097","","","00000000","","CATTLE","TOTAL","NOT SPECIFIED"," (D)",""," (D)","","86,000",""
"SURVEY","2022","FIRST OF JAN","","COUNTY","TEXAS","48","BLACKLANDS","40","CORYELL","099","","","00000000","","CATTLE","TOTAL","NOT SPECIFIED","25,500","","","","55,000",""
"SURVEY","2022","FIRST OF JAN","","COUNTY","TEXAS","48","BLACKLANDS","40","DALLAS","113","","","00000000","","CATTLE","TOTAL","NOT SPECIFIED","3,600","","","","8,800",""
"SURVEY","2022","FIRST OF JAN","","COUNTY","TEXAS","48","BLACKLANDS","40","DELTA","119","","","00000000","","CATTLE","TOTAL","NOT SPECIFIED","8,400","","","","19,300",""
"SURVEY","2022","FIRST OF JAN","","COUNTY","TEXAS","48","BLACKLANDS","40","DENTON","121","","","00000000","","CATTLE","TOTAL","NOT SPECIFIED","22,500","","","","39,000",""
"SURVEY","2022","FIRST OF JAN","","COUNTY","TEXAS","48","BLACKLANDS","40","ELLIS","139","","","00000000","","CATTLE","TOTAL","NOT SPECIFIED","28,000",""," (D)","","51,000",""
"SURVEY","2022","FIRST OF JAN","","COUNTY","TEXAS","48","BLACKLANDS","40","FALLS","145","","","00000000","","CATTLE","TOTAL","NOT SPECIFIED"," (D)",""," (D)","","115,000",""
"SURVEY","2022","FIRST OF JAN","","COUNTY","TEXAS","48","BLACKLANDS","40","FANNIN","147","","","00000000","","CATTLE","TOTAL","NOT SPECIFIED","38,500","","","","76,000",""
"SURVEY","2022","FIRST OF JAN","","COUNTY","TEXAS","48","BLACKLANDS","40","GRAYSON","181","","","00000000","","CATTLE","TOTAL","NOT SPECIFIED","29,000","","200","","54,000",""
"SURVEY","2022","FIRST OF JAN","","COUNTY","TEXAS","48","BLACKLANDS","40","HAMILTON","193","","","00000000","","CATTLE","TOTAL","NOT SPECIFIED","26,000","","9,800","","67,000",""
"SURVEY","2022","FIRST OF JAN","","COUNTY","TEXAS","48","BLACKLANDS","40","HILL","217","","","00000000","","CATTLE","TOTAL","NOT SPECIFIED"," (D)",""," (D)","","61,000",""
"SURVEY","2022","FIRST OF JAN","","COUNTY","TEXAS","48","BLACKLANDS","40","HUNT","231","","","00000000","","CATTLE","TOTAL","NOT SPECIFIED","34,500","","","","62,000",""
"SURVEY","2022","FIRST OF JAN","","COUNTY","TEXAS","48","BLACKLANDS","40","JOHNSON","251","","","00000000","","CATTLE","TOTAL","NOT SPECIFIED","28,000","","4,200","","64,000",""
"SURVEY","2022","FIRST OF JAN","","COUNTY","TEXAS","48","BLACKLANDS","40","KAUFMAN","257","","","00000000","","CATTLE","TOTAL","NOT SPECIFIED","30,000","","","","82,000",""
"SURVEY","2022","FIRST OF JAN","","COUNTY","TEXAS","48","BLACKLANDS","40","LAMAR","277","","","00000000","","CATTLE","TOTAL","NOT SPECIFIED"," (D)",""," (D)","","90,000",""
"SURVEY","2022","FIRST OF JAN","","COUNTY","TEXAS","48","BLACKLANDS","40","LIMESTONE","293","","","00000000","","CATTLE","TOTAL","NOT SPECIFIED","36,000","","400","","79,000",""
"SURVEY","2022","FIRST OF JAN","","COUNTY","TEXAS","48","BLACKLANDS","40","MCLENNAN","309","","","00000000","","CATTLE","TOTAL","NOT SPECIFIED","35,500","","3,400","","87,000",""
"SURVEY","2022","FIRST OF JAN","","COUNTY","TEXAS","48","BLACKLANDS","40","MILAM","331","","","00000000","","CATTLE","TOTAL","NOT SPECIFIED"," (D)",""," (D)","","81,000",""
"SURVEY","2022","FIRST OF JAN","","COUNTY","TEXAS","48","BLACKLANDS","40","NAVARRO","349","","","00000000","","CATTLE","TOTAL","NOT SPECIFIED"," (D)",""," (D)","","83,000",""
"SURVEY","2022","FIRST OF JAN","","COUNTY","TEXAS","48","BLACKLANDS","40","ROCKWALL","397","","","00000000","","CATTLE","TOTAL","NOT SPECIFIED","2,600","","","","4,300",""
"SURVEY","2022","FIRST OF JAN","","COUNTY","TEXAS","48","BLACKLANDS","40","TARRANT","439","","","00000000","","CATTLE","TOTAL","NOT SPECIFIED"," (D)",""," (D)","","13,300",""
"SURVEY","2022","FIRST OF JAN","","COUNTY","TEXAS","48","BLACKLANDS","40","WILLIAMSON","491","","","00000000","","CATTLE","TOTAL","NOT SPECIFIED","33,000","","","","80,000",""
"SURVEY","2022","FIRST OF JAN","","COUNTY","TEXAS","48","COASTAL BEND","82","ARANSAS","007","","","00000000","","CATTLE","TOTAL","NOT SPECIFIED","900","","","","2,800",""
"SURVEY","2022","FIRST OF JAN","","COUNTY","TEXAS","48","COASTAL BEND","82","KLEBERG","273","","","00000000","","CATTLE","TOTAL","NOT SPECIFIED","15,800","","","","28,000",""
"SURVEY","2022","FIRST OF JAN","","COUNTY","TEXAS","48","COASTAL BEND","82","NUECES","355","","","00000000","","CATTLE","TOTAL","NOT SPECIFIED","7,200","","","","10,500",""
"SURVEY","2022","FIRST OF JAN","","COUNTY","TEXAS","48","COASTAL BEND","82","REFUGIO","391","","","00000000","","CATTLE","TOTAL","NOT SPECIFIED","14,500","","","","27,000",""
"SURVEY","2022","FIRST OF JAN","","COUNTY","TEXAS","48","COASTAL BEND","82","SAN PATRICIO","409","","","00000000","","CATTLE","TOTAL","NOT SPECIFIED","6,300","","","","15,700",""
"SURVEY","2022","FIRST OF JAN","","COUNTY","TEXAS","48","CROSS TIMBERS","30","ARCHER","009","","","00000000","","CATTLE","TOTAL","NOT SPECIFIED","21,000","","7,500","","80,000",""
"SURVEY","2022","FIRST OF JAN","","COUNTY","TEXAS","48","CROSS TIMBERS","30","BROWN","049","","","00000000","","CATTLE","TOTAL","NOT SPECIFIED","21,500","","2,800","","47,500",""
"SURVEY","2022","FIRST OF JAN","","COUNTY","TEXAS","48","CROSS TIMBERS","30","CALLAHAN","059","","","00000000","","CATTLE","TOTAL","NOT SPECIFIED","26,500","","","","50,000",""
"SURVEY","2022","FIRST OF JAN","","COUNTY","TEXAS","48","CROSS TIMBERS","30","CLAY","077","","","00000000","","CATTLE","TOTAL","NOT SPECIFIED","34,000","","1,700","","78,000",""
"SURVEY","2022","FIRST OF JAN","","COUNTY","TEXAS","48","CROSS TIMBERS","30","COMANCHE","093","","","00000000","","CATTLE","TOTAL","NOT SPECIFIED","38,500","","31,000","","120,000",""
"SURVEY","2022","FIRST OF JAN","","COUNTY","TEXAS","48","CROSS TIMBERS","30","EASTLAND","133","","","00000000","","CATTLE","TOTAL","NOT SPECIFIED","23,500","","100","","44,500",""
"SURVEY","2022","FIRST OF JAN","","COUNTY","TEXAS","48","CROSS TIMBERS","30","ERATH","143","","","00000000","","CATTLE","TOTAL","NOT SPECIFIED","41,000","","64,000","","185,000",""
"SURVEY","2022","FIRST OF JAN","","COUNTY","TEXAS","48","CROSS TIMBERS","30","HOOD","221","","","00000000","","CATTLE","TOTAL","NOT SPECIFIED","12,800","","","","22,500",""
"SURVEY","2022","FIRST OF JAN","","COUNTY","TEXAS","48","CROSS TIMBERS","30","JACK","237","","","00000000","","CATTLE","TOTAL","NOT SPECIFIED","19,800","","","","38,500",""
"SURVEY","2022","FIRST OF JAN","","COUNTY","TEXAS","48","CROSS TIMBERS","30","MILLS","333","","","00000000","","CATTLE","TOTAL","NOT SPECIFIED"," (D)",""," (D)","","34,500",""
"SURVEY","2022","FIRST OF JAN","","COUNTY","TEXAS","48","CROSS TIMBERS","30","MONTAGUE","337","","","00000000","","CATTLE","TOTAL","NOT SPECIFIED","35,000","","400","","82,000",""
"SURVEY","2022","FIRST OF JAN","","COUNTY","TEXAS","48","CROSS TIMBERS","30","PALO PINTO","363","","","00000000","","CATTLE","TOTAL","NOT SPECIFIED","21,500","","","","43,500",""
"SURVEY","2022","FIRST OF JAN","","COUNTY","TEXAS","48","CROSS TIMBERS","30","PARKER","367","","","00000000","","CATTLE","TOTAL","NOT SPECIFIED"," (D)",""," (D)","","73,000",""
"SURVEY","2022","FIRST OF JAN","","COUNTY","TEXAS","48","CROSS TIMBERS","30","SHACKELFORD","417","","","00000000","","CATTLE","TOTAL","NOT SPECIFIED","15,400","","","","30,000",""
"SURVEY","2022","FIRST OF JAN","","COUNTY","TEXAS","48","CROSS TIMBERS","30","SOMERVELL","425","","","00000000","","CATTLE","TOTAL","NOT SPECIFIED","3,900","","","","7,400",""
"SURVEY","2022","FIRST OF JAN","","COUNTY","TEXAS","48","CROSS TIMBERS","30","STEPHENS","429","","","00000000","","CATTLE","TOTAL","NOT SPECIFIED","12,600","","","","23,500",""
"SURVEY","2022","FIRST OF JAN","","COUNTY","TEXAS","48","CROSS TIMBERS","30","THROCKMORTON","447","","","00000000","","CATTLE","TOTAL","NOT SPECIFIED","17,400","","","","42,000",""
"SURVEY","2022","FIRST OF JAN","","COUNTY","TEXAS","48","CROSS TIMBERS","30","WISE","497","","","00000000","","CATTLE","TOTAL","NOT SPECIFIED","40,500","","100","","82,000",""
"SURVEY","2022","FIRST OF JAN","","COUNTY","TEXAS","48","CROSS TIMBERS","30","YOUNG","503","","","00000000","","CATTLE","TOTAL","NOT SPECIFIED"," (D)",""," (D)","","38,500",""
"SURVEY","2022","FIRST OF JAN","","COUNTY","TEXAS","48","EAST TEXAS NORTH","51","ANDERSON","001","","","00000000","","CATTLE","TOTAL","NOT SPECIFIED","33,000","","","","66,000",""
"SURVEY","2022","FIRST OF JAN","","COUNTY","TEXAS","48","EAST TEXAS NORTH","51","BOWIE","037","","","00000000","","CATTLE","TOTAL","NOT SPECIFIED","30,500","","2,400","","64,000",""
"SURVEY","2022","FIRST OF JAN","","COUNTY","TEXAS","48","EAST TEXAS NORTH","51","CAMP","063","","","00000000","","CATTLE","TOTAL","NOT SPECIFIED"," (D)",""," (D)","","21,000",""
"SURVEY","2022","FIRST OF JAN","","COUNTY","TEXAS","48","EAST TEXAS NORTH","51","CASS","067","","","00000000","","CATTLE","TOTAL","NOT SPECIFIED","13,900","","","","24,500",""
"SURVEY","2022","FIRST OF JAN","","COUNTY","TEXAS","48","EAST TEXAS NORTH","51","CHEROKEE","073","","","00000000","","CATTLE","TOTAL","NOT SPECIFIED"," (D)",""," (D)","","55,000",""
"SURVEY","2022","FIRST OF JAN","","COUNTY","TEXAS","48","EAST TEXAS NORTH","51","FRANKLIN","159","","","00000000","","CATTLE","TOTAL","NOT SPECIFIED","13,000","","4,400","","35,500",""
"SURVEY","2022","FIRST OF JAN","","COUNTY","TEXAS","48","EAST TEXAS NORTH","51","GREGG","183","","","00000000","","CATTLE","TOTAL","NOT SPECIFIED","5,000","","","","8,500",""
"SURVEY","2022","FIRST OF JAN","","COUNTY","TEXAS","48","EAST TEXAS NORTH","51","HARRISON","203","","","00000000","","CATTLE","TOTAL","NOT SPECIFIED","16,100","","","","28,000",""
"SURVEY","2022","FIRST OF JAN","","COUNTY","TEXAS","48","EAST TEXAS NORTH","51","HENDERSON","213","","","00000000","","CATTLE","TOTAL","NOT SPECIFIED"," (D)",""," (D)","","60,000",""
"SURVEY","2022","FIRST OF JAN","","COUNTY","TEXAS","48","EAST TEXAS NORTH","51","HOPKINS","223","","","00000000","","CATTLE","TOTAL","NOT SPECIFIED","47,000","","28,000","","125,000",""
"SURVEY","2022","FIRST OF JAN","","COUNTY","TEXAS","48","EAST TEXAS NORTH","51","HOUSTON","225","","","00000000","","CATTLE","TOTAL","NOT SPECIFIED","42,500","","","","70,000",""
"SURVEY","2022","FIRST OF JAN","","COUNTY","TEXAS","48","EAST TEXAS NORTH","51","MARION","315","","","00000000","","CATTLE","TOTAL","NOT SPECIFIED","2,800","","","","4,800",""
"SURVEY","2022","FIRST OF JAN","","COUNTY","TEXAS","48","EAST TEXAS NORTH","51","MORRIS","343","","","00000000","","CATTLE","TOTAL","NOT SPECIFIED","10,300","","","","16,100",""
"SURVEY","2022","FIRST OF JAN","","COUNTY","TEXAS","48","EAST TEXAS NORTH","51","NACOGDOCHES","347","","","00000000","","CATTLE","TOTAL","NOT SPECIFIED"," (D)",""," (D)","","34,500",""
"SURVEY","2022","FIRST OF JAN","","COUNTY","TEXAS","48","EAST TEXAS NORTH","51","PANOLA","365","","","00000000","","CATTLE","TOTAL","NOT SPECIFIED"," (D)",""," (D)","","31,500",""
"SURVEY","2022","FIRST OF JAN","","COUNTY","TEXAS","48","EAST TEXAS NORTH","51","RAINS","379","","","00000000","","CATTLE","TOTAL","NOT SPECIFIED","11,600","","2,700","","25,000",""
"SURVEY","2022","FIRST OF JAN","","COUNTY","TEXAS","48","EAST TEXAS NORTH","51","RED RIVER","387","","","00000000","","CATTLE","TOTAL","NOT SPECIFIED","40,500","","","","92,000",""
"SURVEY","2022","FIRST OF JAN","","COUNTY","TEXAS","48","EAST TEXAS NORTH","51","RUSK","401","","","00000000","","CATTLE","TOTAL","NOT SPECIFIED","25,000","","100","","41,000",""
"SURVEY","2022","FIRST OF JAN","","COUNTY","TEXAS","48","EAST TEXAS NORTH","51","SHELBY","419","","","00000000","","CATTLE","TOTAL","NOT SPECIFIED"," (D)",""," (D)","","44,000",""
"SURVEY","2022","FIRST OF JAN","","COUNTY","TEXAS","48","EAST TEXAS NORTH","51","SMITH","423","","","00000000","","CATTLE","TOTAL","NOT SPECIFIED","26,000","","","","44,500",""
"SURVEY","2022","FIRST OF JAN","","COUNTY","TEXAS","48","EAST TEXAS NORTH","51","TITUS","449","","","00000000","","CATTLE","TOTAL","NOT SPECIFIED","18,100","","","","29,000",""
"SURVEY","2022","FIRST OF JAN","","COUNTY","TEXAS","48","EAST TEXAS NORTH","51","UPSHUR","459","","","00000000","","CATTLE","TOTAL","NOT SPECIFIED","23,000","","3,300","","51,000",""
"SURVEY","2022","FIRST OF JAN","","COUNTY","TEXAS","48","EAST TEXAS NORTH","51","VAN ZANDT","467","","","00000000","","CATTLE","TOTAL","NOT SPECIFIED","43,500","","8,400","","90,000",""
"SURVEY","2022","FIRST OF JAN","","COUNTY","TEXAS","48","EAST TEXAS NORTH","51","WOOD","499","","","00000000","","CATTLE","TOTAL","NOT SPECIFIED","24,500","","3,100","","45,000",""
"SURVEY","2022","FIRST OF JAN","","COUNTY","TEXAS","48","EAST TEXAS SOUTH","52","ANGELINA","005","","","00000000","","CATTLE","TOTAL","NOT SPECIFIED","11,200","","","","19,500",""
"SURVEY","2022","FIRST OF JAN","","COUNTY","TEXAS","48","EAST TEXAS SOUTH","52","BRAZOS","041","","","00000000","","CATTLE","TOTAL","NOT SPECIFIED","30,500",""," (D)","","64,000",""
"SURVEY","2022","FIRST OF JAN","","COUNTY","TEXAS","48","EAST TEXAS SOUTH","52","FREESTONE","161","","","00000000","","CATTLE","TOTAL","NOT SPECIFIED","36,000","","","","70,000",""
"SURVEY","2022","FIRST OF JAN","","COUNTY","TEXAS","48","EAST TEXAS SOUTH","52","GRIMES","185","","","00000000","","CATTLE","TOTAL","NOT SPECIFIED"," (D)",""," (D)","","58,000",""
"SURVEY","2022","FIRST OF JAN","","COUNTY","TEXAS","48","EAST TEXAS SOUTH","52","HARDIN","199","","","00000000","","CATTLE","TOTAL","NOT SPECIFIED","5,200","","","","8,100",""
"SURVEY","2022","FIRST OF JAN","","COUNTY","TEXAS","48","EAST TEXAS SOUTH","52","JASPER","241","","","00000000","","CATTLE","TOTAL","NOT SPECIFIED","7,500","","","","14,400",""
"SURVEY","2022","FIRST OF JAN","","COUNTY","TEXAS","48","EAST TEXAS SOUTH","52","LEON","289","","","00000000","","CATTLE","TOTAL","NOT SPECIFIED"," (D)",""," (D)","","98,000",""
"SURVEY","2022","FIRST OF JAN","","COUNTY","TEXAS","48","EAST TEXAS SOUTH","52","MADISON","313","","","00000000","","CATTLE","TOTAL","NOT SPECIFIED","29,000","","","","46,000",""
"SURVEY","2022","FIRST OF JAN","","COUNTY","TEXAS","48","EAST TEXAS SOUTH","52","MONTGOMERY","339","","","00000000","","CATTLE","TOTAL","NOT SPECIFIED","11,600","","","","18,400",""
"SURVEY","2022","FIRST OF JAN","","COUNTY","TEXAS","48","EAST TEXAS SOUTH","52","NEWTON","351","","","00000000","","CATTLE","TOTAL","NOT SPECIFIED","2,700","","","","4,300",""
"SURVEY","2022","FIRST OF JAN","","COUNTY","TEXAS","48","EAST TEXAS SOUTH","52","POLK","373","","","00000000","","CATTLE","TOTAL","NOT SPECIFIED","9,100","","","","13,300",""
"SURVEY","2022","FIRST OF JAN","","COUNTY","TEXAS","48","EAST TEXAS SOUTH","52","ROBERTSON","395","","","00000000","","CATTLE","TOTAL","NOT SPECIFIED"," (D)",""," (D)","","95,000",""
"SURVEY","2022","FIRST OF JAN","","COUNTY","TEXAS","48","EAST TEXAS SOUTH","52","SABINE","403","","","00000000","","CATTLE","TOTAL","NOT SPECIFIED","5,000","","","","11,600",""
"SURVEY","2022","FIRST OF JAN","","COUNTY","TEXAS","48","EAST TEXAS SOUTH","52","SAN AUGUSTINE","405","","","00000000","","CATTLE","TOTAL","NOT SPECIFIED","6,700","","","","10,000",""
"SURVEY","2022","FIRST OF JAN","","COUNTY","TEXAS","48","EAST TEXAS SOUTH","52","SAN JACINTO","407","","","00000000","","CATTLE","TOTAL","NOT SPECIFIED","8,900","","","","14,300",""
"SURVEY","2022","FIRST OF JAN","","COUNTY","TEXAS","48","EAST TEXAS SOUTH","52","TRINITY","455","","","00000000","","CATTLE","TOTAL","NOT SPECIFIED","12,500","","","","19,700",""
"SURVEY","2022","FIRST OF JAN","","COUNTY","TEXAS","48","EAST TEXAS SOUTH","52","TYLER","457","","","00000000","","CATTLE","TOTAL","NOT SPECIFIED"," (D)",""," (D)","","14,200",""
"SURVEY","2022","FIRST OF JAN","","COUNTY","TEXAS","48","EAST TEXAS SOUTH","52","WALKER","471","","","00000000","","CATTLE","TOTAL","NOT SPECIFIED","21,500","","","","38,500",""
"SURVEY","2022","FIRST OF JAN","","COUNTY","TEXAS","48","EAST TEXAS SOUTH","52","WALLER","473","","","00000000","","CATTLE","TOTAL","NOT SPECIFIED","30,500","","","","48,000",""
"SURVEY","2022","FIRST OF JAN","","COUNTY","TEXAS","48","EDWARDS PLATEAU","70","BANDERA","019","","","00000000","","CATTLE","TOTAL","NOT SPECIFIED","5,400","","","","9,200",""
"SURVEY","2022","FIRST OF JAN","","COUNTY","TEXAS","48","EDWARDS PLATEAU","70","BLANCO","031","","","00000000","","CATTLE","TOTAL","NOT SPECIFIED","11,000","","","","19,400",""
"SURVEY","2022","FIRST OF JAN","","COUNTY","TEXAS","48","EDWARDS PLATEAU","70","BURNET","053","","","00000000","","CATTLE","TOTAL","NOT SPECIFIED","16,500","","","","27,000",""
"SURVEY","2022","FIRST OF JAN","","COUNTY","TEXAS","48","EDWARDS PLATEAU","70","COKE","081","","","00000000","","CATTLE","TOTAL","NOT SPECIFIED","9,000","","","","14,600",""
"SURVEY","2022","FIRST OF JAN","","COUNTY","TEXAS","48","EDWARDS PLATEAU","70","CONCHO","095","","","00000000","","CATTLE","TOTAL","NOT SPECIFIED","11,800","","","","28,500",""
"SURVEY","2022","FIRST OF JAN","","COUNTY","TEXAS","48","EDWARDS PLATEAU","70","CROCKETT","105","","","00000000","","CATTLE","TOTAL","NOT SPECIFIED","10,000","","","","17,700",""
"SURVEY","2022","FIRST OF JAN","","COUNTY","TEXAS","48","EDWARDS PLATEAU","70","EDWARDS","137","","","00000000","","CATTLE","TOTAL","NOT SPECIFIED","9,300","","","","14,900",""
"SURVEY","2022","FIRST OF JAN","","COUNTY","TEXAS","48","EDWARDS PLATEAU","70","GILLESPIE","171","","","00000000","","CATTLE","TOTAL","NOT SPECIFIED"," (D)",""," (D)","","47,000",""
"SURVEY","2022","FIRST OF JAN","","COUNTY","TEXAS","48","EDWARDS PLATEAU","70","IRION","235","","","00000000","","CATTLE","TOTAL","NOT SPECIFIED","6,700","","","","13,700",""
"SURVEY","2022","FIRST OF JAN","","COUNTY","TEXAS","48","EDWARDS PLATEAU","70","KENDALL","259","","","00000000","","CATTLE","TOTAL","NOT SPECIFIED","8,700","","","","16,800",""
"SURVEY","2022","FIRST OF JAN","","COUNTY","TEXAS","48","EDWARDS PLATEAU","70","KERR","265","","","00000000","","CATTLE","TOTAL","NOT SPECIFIED","6,800","","","","12,200",""
"SURVEY","2022","FIRST OF JAN","","COUNTY","TEXAS","48","EDWARDS PLATEAU","70","KIMBLE","267","","","00000000","","CATTLE","TOTAL","NOT SPECIFIED","8,200","","","","15,000",""
"SURVEY","2022","FIRST OF JAN","","COUNTY","TEXAS","48","EDWARDS PLATEAU","70","KINNEY","271","","","00000000","","CATTLE","TOTAL","NOT SPECIFIED","6,100","","","","11,300",""
"SURVEY","2022","FIRST OF JAN","","COUNTY","TEXAS","48","EDWARDS PLATEAU","70","LAMPASAS","281","","","00000000","","CATTLE","TOTAL","NOT SPECIFIED"," (D)",""," (D)","","28,000",""
"SURVEY","2022","FIRST OF JAN","","COUNTY","TEXAS","48","EDWARDS PLATEAU","70","LLANO","299","","","00000000","","CATTLE","TOTAL","NOT SPECIFIED","19,700","","","","36,500",""
"SURVEY","2022","FIRST OF JAN","","COUNTY","TEXAS","48","EDWARDS PLATEAU","70","MASON","319","","","00000000","","CATTLE","TOTAL","NOT SPECIFIED","20,500","","","","38,500",""
"SURVEY","2022","FIRST OF JAN","","COUNTY","TEXAS","48","EDWARDS PLATEAU","70","MCCULLOCH","307","","","00000000","","CATTLE","TOTAL","NOT SPECIFIED","16,200","","","","31,000",""
"SURVEY","2022","FIRST OF JAN","","COUNTY","TEXAS","48","EDWARDS PLATEAU","70","MENARD","327","","","00000000","","CATTLE","TOTAL","NOT SPECIFIED","10,000","","","","16,000",""
"SURVEY","2022","FIRST OF JAN","","COUNTY","TEXAS","48","EDWARDS PLATEAU","70","REAGAN","383","","","00000000","","CATTLE","TOTAL","NOT SPECIFIED","6,900","","","","22,500",""
"SURVEY","2022","FIRST OF JAN","","COUNTY","TEXAS","48","EDWARDS PLATEAU","70","REAL","385","","","00000000","","CATTLE","TOTAL","NOT SPECIFIED","1,500","","","","2,400",""
"SURVEY","2022","FIRST OF JAN","","COUNTY","TEXAS","48","EDWARDS PLATEAU","70","SAN SABA","411","","","00000000","","CATTLE","TOTAL","NOT SPECIFIED","25,500","","","","56,000",""
"SURVEY","2022","FIRST OF JAN","","COUNTY","TEXAS","48","EDWARDS PLATEAU","70","SCHLEICHER","413","","","00000000","","CATTLE","TOTAL","NOT SPECIFIED","10,900","","","","18,500",""
"SURVEY","2022","FIRST OF JAN","","COUNTY","TEXAS","48","EDWARDS PLATEAU","70","STERLING","431","","","00000000","","CATTLE","TOTAL","NOT SPECIFIED","7,300","","","","13,000",""
"SURVEY","2022","FIRST OF JAN","","COUNTY","TEXAS","48","EDWARDS PLATEAU","70","SUTTON","435","","","00000000","","CATTLE","TOTAL","NOT SPECIFIED","8,000","","","","13,500",""
"SURVEY","2022","FIRST OF JAN","","COUNTY","TEXAS","48","EDWARDS PLATEAU","70","TOM GREEN","451","","","00000000","","CATTLE","TOTAL","NOT SPECIFIED"," (D)",""," (D)","","40,500",""
"SURVEY","2022","FIRST OF JAN","","COUNTY","TEXAS","48","EDWARDS PLATEAU","70","UPTON","461","","","00000000","","CATTLE","TOTAL","NOT SPECIFIED"," (D)",""," (D)","","4,700",""
"SURVEY","2022","FIRST OF JAN","","COUNTY","TEXAS","48","EDWARDS PLATEAU","70","UVALDE","463","","","00000000","","CATTLE","TOTAL","NOT SPECIFIED"," (D)",""," (D)","","43,500",""
"SURVEY","2022","FIRST OF JAN","","COUNTY","TEXAS","48","EDWARDS PLATEAU","70","VAL VERDE","465","","","00000000","","CATTLE","TOTAL","NOT SPECIFIED","5,800","","","","9,300",""
"SURVEY","2022","FIRST OF JAN","","COUNTY","TEXAS","48","LOWER VALLEY","97","CAMERON","061","","","00000000","","CATTLE","TOTAL","NOT SPECIFIED","8,600","","","","13,500",""
"SURVEY","2022","FIRST OF JAN","","COUNTY","TEXAS","48","LOWER VALLEY","97","HIDALGO","215","","","00000000","","CATTLE","TOTAL","NOT SPECIFIED","16,500","","","","30,500",""
"SURVEY","2022","FIRST OF JAN","","COUNTY","TEXAS","48","LOWER VALLEY","97","STARR","427","","","00000000","","CATTLE","TOTAL","NOT SPECIFIED"," (D)",""," (D)","","46,000",""
"SURVEY","2022","FIRST OF JAN","","COUNTY","TEXAS","48","LOWER VALLEY","97","WILLACY","489","","","00000000","","CATTLE","TOTAL","NOT SPECIFIED","6,100","","","","10,800",""
"SURVEY","2022","FIRST OF JAN","","COUNTY","TEXAS","48","NORTHERN HIGH PLAINS","11","ARMSTRONG","011","","","00000000","","CATTLE","TOTAL","NOT SPECIFIED"," (D)",""," (D)","","33,000",""
"SURVEY","2022","FIRST OF JAN","","COUNTY","TEXAS","48","NORTHERN HIGH PLAINS","11","BRISCOE","045","","","00000000","","CATTLE","TOTAL","NOT SPECIFIED","11,100","","","","22,000",""
"SURVEY","2022","FIRST OF JAN","","COUNTY","TEXAS","48","NORTHERN HIGH PLAINS","11","CARSON","065","","","00000000","","CATTLE","TOTAL","NOT SPECIFIED"," (D)",""," (D)","","20,000",""
"SURVEY","2022","FIRST OF JAN","","COUNTY","TEXAS","48","NORTHERN HIGH PLAINS","11","CASTRO","069","","","00000000","","CATTLE","TOTAL","NOT SPECIFIED","15,900","","52,000","","465,000",""
"SURVEY","2022","FIRST OF JAN","","COUNTY","TEXAS","48","NORTHERN HIGH PLAINS","11","DALLAM","111","","","00000000","","CATTLE","TOTAL","NOT SPECIFIED","14,300","","14,400","","240,000",""
"SURVEY","2022","FIRST OF JAN","","COUNTY","TEXAS","48","NORTHERN HIGH PLAINS","11","DEAF SMITH","117","","","00000000","","CATTLE","TOTAL","NOT SPECIFIED","17,700","","47,500","","600,000",""
"SURVEY","2022","FIRST OF JAN","","COUNTY","TEXAS","48","NORTHERN HIGH PLAINS","11","FLOYD","153","","","00000000","","CATTLE","TOTAL","NOT SPECIFIED","5,400","","","","57,000",""
"SURVEY","2022","FIRST OF JAN","","COUNTY","TEXAS","48","NORTHERN HIGH PLAINS","11","GRAY","179","","","00000000","","CATTLE","TOTAL","NOT SPECIFIED","10,900","","10,300","","81,000",""
"SURVEY","2022","FIRST OF JAN","","COUNTY","TEXAS","48","NORTHERN HIGH PLAINS","11","HALE","189","","","00000000","","CATTLE","TOTAL","NOT SPECIFIED","6,500","","26,500","","135,000",""
"SURVEY","2022","FIRST OF JAN","","COUNTY","TEXAS","48","NORTHERN HIGH PLAINS","11","HANSFORD","195","","","00000000","","CATTLE","TOTAL","NOT SPECIFIED"," (D)",""," (D)","","255,000",""
"SURVEY","2022","FIRST OF JAN","","COUNTY","TEXAS","48","NORTHERN HIGH PLAINS","11","HARTLEY","205","","","00000000","","CATTLE","TOTAL","NOT SPECIFIED","9,100","","61,000","","400,000",""
"SURVEY","2022","FIRST OF JAN","","COUNTY","TEXAS","48","NORTHERN HIGH PLAINS","11","HEMPHILL","211","","","00000000","","CATTLE","TOTAL","NOT SPECIFIED","13,800","","","","66,000",""
"SURVEY","2022","FIRST OF JAN","","COUNTY","TEXAS","48","NORTHERN HIGH PLAINS","11","HUTCHINSON","233","","","00000000","","CATTLE","TOTAL","NOT SPECIFIED","8,300","","","","24,500",""
"SURVEY","2022","FIRST OF JAN","","COUNTY","TEXAS","48","NORTHERN HIGH PLAINS","11","LIPSCOMB","295","","","00000000","","CATTLE","TOTAL","NOT SPECIFIED"," (D)",""," (D)","","44,500",""
"SURVEY","2022","FIRST OF JAN","","COUNTY","TEXAS","48","NORTHERN HIGH PLAINS","11","MOORE","341","","","00000000","","CATTLE","TOTAL","NOT SPECIFIED","6,300","","47,500","","135,000",""
"SURVEY","2022","FIRST OF JAN","","COUNTY","TEXAS","48","NORTHERN HIGH PLAINS","11","OCHILTREE","357","","","00000000","","CATTLE","TOTAL","NOT SPECIFIED","8,300","","","","85,000",""
"SURVEY","2022","FIRST OF JAN","","COUNTY","TEXAS","48","NORTHERN HIGH PLAINS","11","OLDHAM","359","","","00000000","","CATTLE","TOTAL","NOT SPECIFIED","12,100","","","","88,000",""
"SURVEY","2022","FIRST OF JAN","","COUNTY","TEXAS","48","NORTHERN HIGH PLAINS","11","PARMER","369","","","00000000","","CATTLE","TOTAL","NOT SPECIFIED","7,300","","54,000","","340,000",""
"SURVEY","2022","FIRST OF JAN","","COUNTY","TEXAS","48","NORTHERN HIGH PLAINS","11","POTTER","375","","","00000000","","CATTLE","TOTAL","NOT SPECIFIED","6,400","","","","27,500",""
"SURVEY","2022","FIRST OF JAN","","COUNTY","TEXAS","48","NORTHERN HIGH PLAINS","11","RANDALL","381","","","00000000","","CATTLE","TOTAL","NOT SPECIFIED","10,200","","","","215,000",""
"SURVEY","2022","FIRST OF JAN","","COUNTY","TEXAS","48","NORTHERN HIGH PLAINS","11","ROBERTS","393","","","00000000","","CATTLE","TOTAL","NOT SPECIFIED","10,000","","","","20,500",""
"SURVEY","2022","FIRST OF JAN","","COUNTY","TEXAS","48","NORTHERN HIGH PLAINS","11","SHERMAN","421","","","00000000","","CATTLE","TOTAL","NOT SPECIFIED"," (D)",""," (D)","","210,000",""
"SURVEY","2022","FIRST OF JAN","","COUNTY","TEXAS","48","NORTHERN HIGH PLAINS","11","SWISHER","437","","","00000000","","CATTLE","TOTAL","NOT SPECIFIED","11,900","","","","220,000",""
"SURVEY","2022","FIRST OF JAN","","COUNTY","TEXAS","48","NORTHERN LOW PLAINS","21","BORDEN","033","","","00000000","","CATTLE","TOTAL","NOT SPECIFIED"," (D)",""," (D)","","13,400",""
"SURVEY","2022","FIRST OF JAN","","COUNTY","TEXAS","48","NORTHERN LOW PLAINS","21","CHILDRESS","075","","","00000000","","CATTLE","TOTAL","NOT SPECIFIED","8,000","","","","14,500",""
"SURVEY","2022","FIRST OF JAN","","COUNTY","TEXAS","48","NORTHERN LOW PLAINS","21","COLLINGSWORTH","087","","","00000000","","CATTLE","TOTAL","NOT SPECIFIED","10,200","","","","20,000",""
"SURVEY","2022","FIRST OF JAN","","COUNTY","TEXAS","48","NORTHERN LOW PLAINS","21","COTTLE","101","","","00000000","","CATTLE","TOTAL","NOT SPECIFIED","10,200","","","","21,500",""
"SURVEY","2022","FIRST OF JAN","","COUNTY","TEXAS","48","NORTHERN LOW PLAINS","21","DICKENS","125","","","00000000","","CATTLE","TOTAL","NOT SPECIFIED","12,600","","","","25,000",""
"SURVEY","2022","FIRST OF JAN","","COUNTY","TEXAS","48","NORTHERN LOW PLAINS","21","DONLEY","129","","","00000000","","CATTLE","TOTAL","NOT SPECIFIED","14,600","","","","57,000",""
"SURVEY","2022","FIRST OF JAN","","COUNTY","TEXAS","48","NORTHERN LOW PLAINS","21","FOARD","155","","","00000000","","CATTLE","TOTAL","NOT SPECIFIED","11,500","","","","21,000",""
"SURVEY","2022","FIRST OF JAN","","COUNTY","TEXAS","48","NORTHERN LOW PLAINS","21","GARZA","169","","","00000000","","CATTLE","TOTAL","NOT SPECIFIED","7,400","","","","11,800",""
"SURVEY","2022","FIRST OF JAN","","COUNTY","TEXAS","48","NORTHERN LOW PLAINS","21","HALL","191","","","00000000","","CATTLE","TOTAL","NOT SPECIFIED","12,700","","","","30,000",""
"SURVEY","2022","FIRST OF JAN","","COUNTY","TEXAS","48","NORTHERN LOW PLAINS","21","HARDEMAN","197","","","00000000","","CATTLE","TOTAL","NOT SPECIFIED"," (D)",""," (D)","","17,800",""
"SURVEY","2022","FIRST OF JAN","","COUNTY","TEXAS","48","NORTHERN LOW PLAINS","21","KENT","263","","","00000000","","CATTLE","TOTAL","NOT SPECIFIED","10,100","","","","17,300",""
"SURVEY","2022","FIRST OF JAN","","COUNTY","TEXAS","48","NORTHERN LOW PLAINS","21","KING","269","","","00000000","","CATTLE","TOTAL","NOT SPECIFIED","13,500","","","","25,500",""
"SURVEY","2022","FIRST OF JAN","","COUNTY","TEXAS","48","NORTHERN LOW PLAINS","21","MOTLEY","345","","","00000000","","CATTLE","TOTAL","NOT SPECIFIED","11,900","","","","22,500",""
"SURVEY","2022","FIRST OF JAN","","COUNTY","TEXAS","48","NORTHERN LOW PLAINS","21","WHEELER","483","","","00000000","","CATTLE","TOTAL","NOT SPECIFIED","21,000","","","","60,000",""
"SURVEY","2022","FIRST OF JAN","","COUNTY","TEXAS","48","NORTHERN LOW PLAINS","21","WICHITA","485","","","00000000","","CATTLE","TOTAL","NOT SPECIFIED","15,300","","","","40,000",""
"SURVEY","2022","FIRST OF JAN","","COUNTY","TEXAS","48","NORTHERN LOW PLAINS","21","WILBARGER","487","","","00000000","","CATTLE","TOTAL","NOT SPECIFIED"," (D)",""," (D)","","43,500",""
"SURVEY","2022","FIRST OF JAN","","COUNTY","TEXAS","48","SOUTH CENTRAL","81","AUSTIN","015","","","00000000","","CATTLE","TOTAL","NOT SPECIFIED","40,000",""," (D)","","64,000",""
"SURVEY","2022","FIRST OF JAN","","COUNTY","TEXAS","48","SOUTH CENTRAL","81","BASTROP","021","","","00000000","","CATTLE","TOTAL","NOT SPECIFIED","35,500","","","","77,000",""
"SURVEY","2022","FIRST OF JAN","","COUNTY","TEXAS","48","SOUTH CENTRAL","81","BEE","025","","","00000000","","CATTLE","TOTAL","NOT SPECIFIED","18,400","","","","31,000",""
"SURVEY","2022","FIRST OF JAN","","COUNTY","TEXAS","48","SOUTH CENTRAL","81","BEXAR","029","","","00000000","","CATTLE","TOTAL","NOT SPECIFIED"," (D)",""," (D)","","41,500",""
"SURVEY","2022","FIRST OF JAN","","COUNTY","TEXAS","48","SOUTH CENTRAL","81","BURLESON","051","","","00000000","","CATTLE","TOTAL","NOT SPECIFIED","34,500","","","","57,000",""
"SURVEY","2022","FIRST OF JAN","","COUNTY","TEXAS","48","SOUTH CENTRAL","81","CALDWELL","055","","","00000000","","CATTLE","TOTAL","NOT SPECIFIED","24,000","","","","40,500",""
"SURVEY","2022","FIRST OF JAN","","COUNTY","TEXAS","48","SOUTH CENTRAL","81","COLORADO","089","","","00000000","","CATTLE","TOTAL","NOT SPECIFIED","43,500","","100","","71,000",""
"SURVEY","2022","FIRST OF JAN","","COUNTY","TEXAS","48","SOUTH CENTRAL","81","COMAL","091","","","00000000","","CATTLE","TOTAL","NOT SPECIFIED","7,500","","","","16,400",""
"SURVEY","2022","FIRST OF JAN","","COUNTY","TEXAS","48","SOUTH CENTRAL","81","DE WITT","123","","","00000000","","CATTLE","TOTAL","NOT SPECIFIED","49,500","","","","92,000",""
"SURVEY","2022","FIRST OF JAN","","COUNTY","TEXAS","48","SOUTH CENTRAL","81","FAYETTE","149","","","00000000","","CATTLE","TOTAL","NOT SPECIFIED"," (D)",""," (D)","","97,000",""
"SURVEY","2022","FIRST OF JAN","","COUNTY","TEXAS","48","SOUTH CENTRAL","81","GOLIAD","175","","","00000000","","CATTLE","TOTAL","NOT SPECIFIED"," (D)",""," (D)","","41,000",""
"SURVEY","2022","FIRST OF JAN","","COUNTY","TEXAS","48","SOUTH CENTRAL","81","GONZALES","177","","","00000000","","CATTLE","TOTAL","NOT SPECIFIED","55,000","","","","125,000",""
"SURVEY","2022","FIRST OF JAN","","COUNTY","TEXAS","48","SOUTH CENTRAL","81","GUADALUPE","187","","","00000000","","CATTLE","TOTAL","NOT SPECIFIED","27,000","","","","49,500",""
"SURVEY","2022","FIRST OF JAN","","COUNTY","TEXAS","48","SOUTH CENTRAL","81","HAYS","209","","","00000000","","CATTLE","TOTAL","NOT SPECIFIED","9,100","","","","16,000",""
"SURVEY","2022","FIRST OF JAN","","COUNTY","TEXAS","48","SOUTH CENTRAL","81","KARNES","255","","","00000000","","CATTLE","TOTAL","NOT SPECIFIED","28,500","","","","48,000",""
"SURVEY","2022","FIRST OF JAN","","COUNTY","TEXAS","48","SOUTH CENTRAL","81","LAVACA","285","","","00000000","","CATTLE","TOTAL","NOT SPECIFIED"," (D)",""," (D)","","105,000",""
"SURVEY","2022","FIRST OF JAN","","COUNTY","TEXAS","48","SOUTH CENTRAL","81","LEE","287","","","00000000","","CATTLE","TOTAL","NOT SPECIFIED","38,500","","","","77,000",""
"SURVEY","2022","FIRST OF JAN","","COUNTY","TEXAS","48","SOUTH CENTRAL","81","MEDINA","325","","","00000000","","CATTLE","TOTAL","NOT SPECIFIED"," (D)",""," (D)","","58,000",""
"SURVEY","2022","FIRST OF JAN","","COUNTY","TEXAS","48","SOUTH CENTRAL","81","TRAVIS","453","","","00000000","","CATTLE","TOTAL","NOT SPECIFIED","11,400","","","","19,300",""
"SURVEY","2022","FIRST OF JAN","","COUNTY","TEXAS","48","SOUTH CENTRAL","81","WASHINGTON","477","","","00000000","","CATTLE","TOTAL","NOT SPECIFIED"," (D)",""," (D)","","68,000",""
"SURVEY","2022","FIRST OF JAN","","COUNTY","TEXAS","48","SOUTH CENTRAL","81","WILSON","493","","","00000000","","CATTLE","TOTAL","NOT SPECIFIED"," (D)",""," (D)","","88,000",""
"SURVEY","2022","FIRST OF JAN","","COUNTY","TEXAS","48","SOUTH TEXAS","96","ATASCOSA","013","","","00000000","","CATTLE","TOTAL","NOT SPECIFIED"," (D)",""," (D)","","77,000",""
"SURVEY","2022","FIRST OF JAN","","COUNTY","TEXAS","48","SOUTH TEXAS","96","BROOKS","047","","","00000000","","CATTLE","TOTAL","NOT SPECIFIED","11,900","","","","26,000",""
"SURVEY","2022","FIRST OF JAN","","COUNTY","TEXAS","48","SOUTH TEXAS","96","DIMMIT","127","","","00000000","","CATTLE","TOTAL","NOT SPECIFIED"," (D)",""," (D)","","21,000",""
"SURVEY","2022","FIRST OF JAN","","COUNTY","TEXAS","48","SOUTH TEXAS","96","DUVAL","131","","","00000000","","CATTLE","TOTAL","NOT SPECIFIED","17,700","","","","31,000",""
"SURVEY","2022","FIRST OF JAN","","COUNTY","TEXAS","48","SOUTH TEXAS","96","FRIO","163","","","00000000","","CATTLE","TOTAL","NOT SPECIFIED","17,800",""," (D)","","55,000",""
"SURVEY","2022","FIRST OF JAN","","COUNTY","TEXAS","48","SOUTH TEXAS","96","JIM HOGG","247","","","00000000","","CATTLE","TOTAL","NOT SPECIFIED","12,000","","","","23,500",""
"SURVEY","2022","FIRST OF JAN","","COUNTY","TEXAS","48","SOUTH TEXAS","96","JIM WELLS","249","","","00000000","","CATTLE","TOTAL","NOT SPECIFIED"," (D)",""," (D)","","36,500",""
"SURVEY","2022","FIRST OF JAN","","COUNTY","TEXAS","48","SOUTH TEXAS","96","KENEDY","261","","","00000000","","CATTLE","TOTAL","NOT SPECIFIED","21,500","","","","37,000",""
"SURVEY","2022","FIRST OF JAN","","COUNTY","TEXAS","48","SOUTH TEXAS","96","LA SALLE","283","","","00000000","","CATTLE","TOTAL","NOT SPECIFIED","7,500","","","","11,900",""
"SURVEY","2022","FIRST OF JAN","","COUNTY","TEXAS","48","SOUTH TEXAS","96","LIVE OAK","297","","","00000000","","CATTLE","TOTAL","NOT SPECIFIED","21,000","","","","35,500",""
"SURVEY","2022","FIRST OF JAN","","COUNTY","TEXAS","48","SOUTH TEXAS","96","MAVERICK","323","","","00000000","","CATTLE","TOTAL","NOT SPECIFIED","5,900","","","","27,000",""
"SURVEY","2022","FIRST OF JAN","","COUNTY","TEXAS","48","SOUTH TEXAS","96","MCMULLEN","311","","","00000000","","CATTLE","TOTAL","NOT SPECIFIED","7,900","","","","15,800",""
"SURVEY","2022","FIRST OF JAN","","COUNTY","TEXAS","48","SOUTH TEXAS","96","WEBB","479","","","00000000","","CATTLE","TOTAL","NOT SPECIFIED","23,500","","","","47,500",""
"SURVEY","2022","FIRST OF JAN","","COUNTY","TEXAS","48","SOUTH TEXAS","96","ZAPATA","505","","","00000000","","CATTLE","TOTAL","NOT SPECIFIED","11,600","","","","17,400",""
"SURVEY","2022","FIRST OF JAN","","COUNTY","TEXAS","48","SOUTH TEXAS","96","ZAVALA","507","","","00000000","","CATTLE","TOTAL","NOT SPECIFIED","12,400","","","","51,000",""
"SURVEY","2022","FIRST OF JAN","","COUNTY","TEXAS","48","SOUTHERN HIGH PLAINS","12","ANDREWS","003","","","00000000","","CATTLE","TOTAL","NOT SPECIFIED","7,400","","","","11,500",""
"SURVEY","2022","FIRST OF JAN","","COUNTY","TEXAS","48","SOUTHERN HIGH PLAINS","12","BAILEY","017","","","00000000","","CATTLE","TOTAL","NOT SPECIFIED","6,300","","32,000","","130,000",""
"SURVEY","2022","FIRST OF JAN","","COUNTY","TEXAS","48","SOUTHERN HIGH PLAINS","12","COCHRAN","079","","","00000000","","CATTLE","TOTAL","NOT SPECIFIED","2,800","","","","10,000",""
"SURVEY","2022","FIRST OF JAN","","COUNTY","TEXAS","48","SOUTHERN HIGH PLAINS","12","CROSBY","107","","","00000000","","CATTLE","TOTAL","NOT SPECIFIED","6,200","","","","10,200",""
"SURVEY","2022","FIRST OF JAN","","COUNTY","TEXAS","48","SOUTHERN HIGH PLAINS","12","DAWSON","115","","","00000000","","CATTLE","TOTAL","NOT SPECIFIED","3,400","","","","5,600",""
"SURVEY","2022","FIRST OF JAN","","COUNTY","TEXAS","48","SOUTHERN HIGH PLAINS","12","GAINES","165","","","00000000","","CATTLE","TOTAL","NOT SPECIFIED"," (D)",""," (D)","","11,900",""
"SURVEY","2022","FIRST OF JAN","","COUNTY","TEXAS","48","SOUTHERN HIGH PLAINS","12","GLASSCOCK","173","","","00000000","","CATTLE","TOTAL","NOT SPECIFIED"," (D)","","","","6,100",""
"SURVEY","2022","FIRST OF JAN","","COUNTY","TEXAS","48","SOUTHERN HIGH PLAINS","12","HOCKLEY","219","","","00000000","","CATTLE","TOTAL","NOT SPECIFIED","4,600","","","","9,300",""
"SURVEY","2022","FIRST OF JAN","","COUNTY","TEXAS","48","SOUTHERN HIGH PLAINS","12","HOWARD","227","","","00000000","","CATTLE","TOTAL","NOT SPECIFIED","5,900","","","","10,600",""
"SURVEY","2022","FIRST OF JAN","","COUNTY","TEXAS","48","SOUTHERN HIGH PLAINS","12","LAMB","279","","","00000000","","CATTLE","TOTAL","NOT SPECIFIED","9,100","","44,000","","185,000",""
"SURVEY","2022","FIRST OF JAN","","COUNTY","TEXAS","48","SOUTHERN HIGH PLAINS","12","LUBBOCK","303","","","00000000","","CATTLE","TOTAL","NOT SPECIFIED","5,700","","400","","40,500",""
"SURVEY","2022","FIRST OF JAN","","COUNTY","TEXAS","48","SOUTHERN HIGH PLAINS","12","LYNN","305","","","00000000","","CATTLE","TOTAL","NOT SPECIFIED","2,700","","","","8,400",""
"SURVEY","2022","FIRST OF JAN","","COUNTY","TEXAS","48","SOUTHERN HIGH PLAINS","12","MARTIN","317","","","00000000","","CATTLE","TOTAL","NOT SPECIFIED","2,400","","","","3,800",""
"SURVEY","2022","FIRST OF JAN","","COUNTY","TEXAS","48","SOUTHERN HIGH PLAINS","12","MIDLAND","329","","","00000000","","CATTLE","TOTAL","NOT SPECIFIED","3,300","","","","6,600",""
"SURVEY","2022","FIRST OF JAN","","COUNTY","TEXAS","48","SOUTHERN HIGH PLAINS","12","TERRY","445","","","00000000","","CATTLE","TOTAL","NOT SPECIFIED"," (D)",""," (D)","","18,200",""
"SURVEY","2022","FIRST OF JAN","","COUNTY","TEXAS","48","SOUTHERN HIGH PLAINS","12","YOAKUM","501","","","00000000","","CATTLE","TOTAL","NOT SPECIFIED","3,600","","","","9,200",""
"SURVEY","2022","FIRST OF JAN","","COUNTY","TEXAS","48","SOUTHERN LOW PLAINS","22","BAYLOR","023","","","00000000","","CATTLE","TOTAL","NOT SPECIFIED","10,900","","","","56,000",""
"SURVEY","2022","FIRST OF JAN","","COUNTY","TEXAS","48","SOUTHERN LOW PLAINS","22","COLEMAN","083","","","00000000","","CATTLE","TOTAL","NOT SPECIFIED","19,900","","","","45,000",""
"SURVEY","2022","FIRST OF JAN","","COUNTY","TEXAS","48","SOUTHERN LOW PLAINS","22","FISHER","151","","","00000000","","CATTLE","TOTAL","NOT SPECIFIED","10,700",""," (D)","","20,000",""
"SURVEY","2022","FIRST OF JAN","","COUNTY","TEXAS","48","SOUTHERN LOW PLAINS","22","HASKELL","207","","","00000000","","CATTLE","TOTAL","NOT SPECIFIED","9,700","","","","27,000",""
"SURVEY","2022","FIRST OF JAN","","COUNTY","TEXAS","48","SOUTHERN LOW PLAINS","22","JONES","253","","","00000000","","CATTLE","TOTAL","NOT SPECIFIED","11,200","","","","23,000",""
"SURVEY","2022","FIRST OF JAN","","COUNTY","TEXAS","48","SOUTHERN LOW PLAINS","22","KNOX","275","","","00000000","","CATTLE","TOTAL","NOT SPECIFIED","6,900","","","","27,500",""
"SURVEY","2022","FIRST OF JAN","","COUNTY","TEXAS","48","SOUTHERN LOW PLAINS","22","MITCHELL","335","","","00000000","","CATTLE","TOTAL","NOT SPECIFIED","8,400","","","","16,500",""
"SURVEY","2022","FIRST OF JAN","","COUNTY","TEXAS","48","SOUTHERN LOW PLAINS","22","NOLAN","353","","","00000000","","CATTLE","TOTAL","NOT SPECIFIED","6,700","","","","14,100",""
"SURVEY","2022","FIRST OF JAN","","COUNTY","TEXAS","48","SOUTHERN LOW PLAINS","22","RUNNELS","399","","","00000000","","CATTLE","TOTAL","NOT SPECIFIED"," (D)",""," (D)","","40,000",""
"SURVEY","2022","FIRST OF JAN","","COUNTY","TEXAS","48","SOUTHERN LOW PLAINS","22","SCURRY","415","","","00000000","","CATTLE","TOTAL","NOT SPECIFIED"," (D)",""," (D)","","23,000",""
"SURVEY","2022","FIRST OF JAN","","COUNTY","TEXAS","48","SOUTHERN LOW PLAINS","22","STONEWALL","433","","","00000000","","CATTLE","TOTAL","NOT SPECIFIED","10,700","","","","24,500",""
"SURVEY","2022","FIRST OF JAN","","COUNTY","TEXAS","48","SOUTHERN LOW PLAINS","22","TAYLOR","441","","","00000000","","CATTLE","TOTAL","NOT SPECIFIED"," (D)",""," (D)","","41,500",""
"SURVEY","2022","FIRST OF JAN","","COUNTY","TEXAS","48","TRANS-PECOS","60","BREWSTER","043","","","00000000","","CATTLE","TOTAL","NOT SPECIFIED"," (D)",""," (D)","","27,500",""
"SURVEY","2022","FIRST OF JAN","","COUNTY","TEXAS","48","TRANS-PECOS","60","CRANE","103","","","00000000","","CATTLE","TOTAL","NOT SPECIFIED","1,800","","","","3,200",""
"SURVEY","2022","FIRST OF JAN","","COUNTY","TEXAS","48","TRANS-PECOS","60","CULBERSON","109","","","00000000","","CATTLE","TOTAL","NOT SPECIFIED","8,300","","","","15,000",""
"SURVEY","2022","FIRST OF JAN","","COUNTY","TEXAS","48","TRANS-PECOS","60","ECTOR","135","","","00000000","","CATTLE","TOTAL","NOT SPECIFIED","4,000","","","","8,500",""
"SURVEY","2022","FIRST OF JAN","","COUNTY","TEXAS","48","TRANS-PECOS","60","EL PASO","141","","","00000000","","CATTLE","TOTAL","NOT SPECIFIED","900","","","","5,700",""
"SURVEY","2022","FIRST OF JAN","","COUNTY","TEXAS","48","TRANS-PECOS","60","HUDSPETH","229","","","00000000","","CATTLE","TOTAL","NOT SPECIFIED"," (D)",""," (D)","","12,400",""
"SURVEY","2022","FIRST OF JAN","","COUNTY","TEXAS","48","TRANS-PECOS","60","JEFF DAVIS","243","","","00000000","","CATTLE","TOTAL","NOT SPECIFIED","15,600","","","","28,500",""
"SURVEY","2022","FIRST OF JAN","","COUNTY","TEXAS","48","TRANS-PECOS","60","LOVING","301","","","00000000","","CATTLE","TOTAL","NOT SPECIFIED","1,500","","","","2,600",""
"SURVEY","2022","FIRST OF JAN","","COUNTY","TEXAS","48","TRANS-PECOS","60","PECOS","371","","","00000000","","CATTLE","TOTAL","NOT SPECIFIED","17,200","","","","30,000",""
"SURVEY","2022","FIRST OF JAN","","COUNTY","TEXAS","48","TRANS-PECOS","60","PRESIDIO","377","","","00000000","","CATTLE","TOTAL","NOT SPECIFIED","17,200","","","","28,000",""
"SURVEY","2022","FIRST OF JAN","","COUNTY","TEXAS","48","TRANS-PECOS","60","REEVES","389","","","00000000","","CATTLE","TOTAL","NOT SPECIFIED","5,800","","","","11,400",""
"SURVEY","2022","FIRST OF JAN","","COUNTY","TEXAS","48","TRANS-PECOS","60","TERRELL","443","","","00000000","","CATTLE","TOTAL","NOT SPECIFIED","2,900","","","","5,100",""
"SURVEY","2022","FIRST OF JAN","","COUNTY","TEXAS","48","TRANS-PECOS","60","WARD","475","","","00000000","","CATTLE","TOTAL","NOT SPECIFIED","2,200","","","","4,200",""
"SURVEY","2022","FIRST OF JAN","","COUNTY","TEXAS","48","TRANS-PECOS","60","WINKLER","495","","","00000000","","CATTLE","TOTAL","NOT SPECIFIED","2,800","","","","6,200",""
"SURVEY","2022","FIRST OF JAN","","COUNTY","TEXAS","48","UPPER COAST","90","BRAZORIA","039","","","00000000","","CATTLE","TOTAL","NOT SPECIFIED","37,500","","","","69,000",""
"SURVEY","2022","FIRST OF JAN","","COUNTY","TEXAS","48","UPPER COAST","90","CALHOUN","057","","","00000000","","CATTLE","TOTAL","NOT SPECIFIED","8,200","","","","15,400",""
"SURVEY","2022","FIRST OF JAN","","COUNTY","TEXAS","48","UPPER COAST","90","CHAMBERS","071","","","00000000","","CATTLE","TOTAL","NOT SPECIFIED"," (D)",""," (D)","","24,000",""
"SURVEY","2022","FIRST OF JAN","","COUNTY","TEXAS","48","UPPER COAST","90","FORT BEND","157","","","00000000","","CATTLE","TOTAL","NOT SPECIFIED","20,000","","","","32,000",""
"SURVEY","2022","FIRST OF JAN","","COUNTY","TEXAS","48","UPPER COAST","90","GALVESTON","167","","","00000000","","CATTLE","TOTAL","NOT SPECIFIED","7,200","","","","10,500",""
"SURVEY","2022","FIRST OF JAN","","COUNTY","TEXAS","48","UPPER COAST","90","HARRIS","201","","","00000000","","CATTLE","TOTAL","NOT SPECIFIED"," (D)",""," (D)","","24,000",""
"SURVEY","2022","FIRST OF JAN","","COUNTY","TEXAS","48","UPPER COAST","90","JACKSON","239","","","00000000","","CATTLE","TOTAL","NOT SPECIFIED"," (D)",""," (D)","","36,500",""
"SURVEY","2022","FIRST OF JAN","","COUNTY","TEXAS","48","UPPER COAST","90","JEFFERSON","245","","","00000000","","CATTLE","TOTAL","NOT SPECIFIED","24,000","","","","37,500",""
"SURVEY","2022","FIRST OF JAN","","COUNTY","TEXAS","48","UPPER COAST","90","LIBERTY","291","","","00000000","","CATTLE","TOTAL","NOT SPECIFIED","29,500","","","","48,000",""
"SURVEY","2022","FIRST OF JAN","","COUNTY","TEXAS","48","UPPER COAST","90","MATAGORDA","321","","","00000000","","CATTLE","TOTAL","NOT SPECIFIED","33,000","","","","54,000",""
"SURVEY","2022","FIRST OF JAN","","COUNTY","TEXAS","48","UPPER COAST","90","ORANGE","361","","","00000000","","CATTLE","TOTAL","NOT SPECIFIED","6,000","","","","9,900",""
"SURVEY","2022","FIRST OF JAN","","COUNTY","TEXAS","48","UPPER COAST","90","VICTORIA","469","","","00000000","","CATTLE","TOTAL","NOT SPECIFIED","30,500","","","","49,500",""
"SURVEY","2022","FIRST OF JAN","","COUNTY","TEXAS","48","UPPER COAST","90","WHARTON","481","","","00000000","","CATTLE","TOTAL","NOT SPECIFIED"," (D)",""," (D)","","58,000",""
